campaign_rank,customer_id,decision_date,churn_probability,predicted_churn,saved_model_threshold,policy_risk_floor,probability_alive,historical_revenue,expected_revenue_clv_12m,rfm_value_tier,clv_value_tier,rfm_segment,ml_cluster,cluster_name,recommended_action,action_basis,intervention_cost,assumed_recoverable_share,scenario_revenue_at_risk_proxy,scenario_expected_retention_benefit,scenario_expected_net_benefit,scenario_benefit_cost_ratio,breakeven_recoverable_share,priority_score,decision_status
1,16446,2011-12-10,0.6759717591033788,1.0,0.31000000000000005,0.2,0.9548716943604096,168472.5,282508.431508292,High Value,Strategic,Potential Loyalists,1,High-Value Loyal Customers,High-touch value protection,Top 5% predictive revenue CLV,50.0,0.08,190967.72140819655,4583.225313796717,4533.225313796717,91.66450627593434,0.0008727478415601662,100.0,selected
2,12536,2011-12-10,0.4684381344623622,1.0,0.31000000000000005,0.2,0.9098147273971423,12601.830000000002,29088.44429335548,High Value,Strategic,Loyal Customers,1,High-Value Loyal Customers,High-touch value protection,Top 5% predictive revenue CLV,50.0,0.08,13626.136579191787,327.0272779006029,277.0272779006029,6.540545558012058,0.012231395575557356,99.9424791486914,selected
3,16180,2011-12-10,0.8139536503597607,1.0,0.31000000000000005,0.2,0.9377816821088829,16249.87,8384.959714978242,High Value,Strategic,Loyal Customers,1,High-Value Loyal Customers,High-touch value protection,Top 5% predictive revenue CLV,50.0,0.08,6824.968568126079,163.79924563502587,113.79924563502587,3.275984912700517,0.024420136884590528,99.8561978717285,selected
4,12753,2011-12-10,0.3703690172644466,1.0,0.31000000000000005,0.2,0.9777635122328069,21429.39,15848.696601514277,High Value,Strategic,Champions,1,High-Value Loyal Customers,High-touch value protection,Top 5% predictive revenue CLV,50.0,0.08,5869.866185225217,140.8767884454052,90.8767884454052,2.8175357689081038,0.028393605817825292,99.7986770204199,selected
5,13802,2011-12-10,0.5222267104330351,1.0,0.31000000000000005,0.2,0.8037960749505844,26259.11,10591.851381646342,High Value,Strategic,Loyal Customers,1,High-Value Loyal Customers,High-touch value protection,Top 5% predictive revenue CLV,50.0,0.08,5531.347704432767,132.7523449063864,82.75234490638641,2.655046898127728,0.030131294500452696,99.7699165947656,selected
6,13868,2011-12-10,0.45489925066895853,1.0,0.31000000000000005,0.2,0.9492928409318983,3192.54,12091.153096045027,High Value,Strategic,Potential Loyalists,2,Established Moderate-Value Customers,High-touch value protection,Top 5% predictive revenue CLV,50.0,0.08,5500.256483114541,132.00615559474898,82.00615559474898,2.6401231118949795,0.03030161723881848,99.7411561691113,selected
7,13027,2011-12-10,0.7230590494352549,1.0,0.31000000000000005,0.2,0.8965512258381372,17239.2,7393.023478844995,High Value,Strategic,Loyal Customers,1,High-Value Loyal Customers,High-touch value protection,Top 5% predictive revenue CLV,50.0,0.08,5345.5925290661835,128.2942206975884,78.2942206975884,2.565884413951768,0.031178333507545047,99.71239574345701,selected
8,18251,2011-12-10,0.46879501904394094,1.0,0.31000000000000005,0.2,0.9694480016308049,26278.86,10901.960075792435,High Value,Strategic,Loyal Customers,1,High-Value Loyal Customers,High-touch value protection,Top 5% predictive revenue CLV,50.0,0.08,5110.784581347398,122.65882995233754,72.65882995233754,2.453176599046751,0.03261077903282063,99.6548748921484,selected
9,12409,2011-12-10,0.5198252142988455,1.0,0.31000000000000005,0.2,0.9660815610522,23419.29,9822.962649311437,High Value,Strategic,Loyal Customers,1,High-Value Loyal Customers,High-touch value protection,Top 5% predictive revenue CLV,50.0,0.08,5106.223664227873,122.54936794146896,72.54936794146896,2.450987358829379,0.0326399072242498,99.62611446649412,selected
10,12454,2011-12-10,0.5247611608358794,1.0,0.31000000000000005,0.2,0.9656182082408387,16679.78,9410.837054595135,High Value,Strategic,Champions,0,At-Risk Return-Heavy Customers,Service recovery,Return-heavy ML behavioral profile,25.0,0.06,4938.441777206652,88.89195198971971,63.891951989719715,3.555678079588789,0.01687441850948974,99.5685936151855,selected
11,12744,2011-12-10,0.32694772112889803,1.0,0.31000000000000005,0.2,0.9768282313245081,25317.059999999998,13675.460833740482,High Value,Strategic,Champions,1,High-Value Loyal Customers,High-touch value protection,Top 5% predictive revenue CLV,50.0,0.08,4471.1607549789505,107.30785811949481,57.30785811949481,2.1461571623898963,0.03727592806433355,99.53983318953121,selected
12,17940,2011-12-10,0.35693605662212513,1.0,0.31000000000000005,0.2,0.9828190251140589,30306.79,11866.904492462192,High Value,Strategic,Champions,1,High-Value Loyal Customers,High-touch value protection,Top 5% predictive revenue CLV,50.0,0.08,4235.726093850836,101.65742625242007,51.657426252420066,2.0331485250484014,0.039347838593393226,99.4535519125683,selected
13,12762,2011-12-10,0.5437655315678332,1.0,0.31000000000000005,0.2,0.9483338623241113,1898.52,7641.618499612363,High Value,Strategic,Potential Loyalists,2,Established Moderate-Value Customers,High-touch value protection,Top 5% predictive revenue CLV,50.0,0.08,4155.248745480305,99.72596989152731,49.72596989152731,1.9945193978305462,0.04010991323875646,99.42479148691402,selected
14,18008,2011-12-10,0.42469780140853003,1.0,0.31000000000000005,0.2,0.9652327082084339,19759.079999999998,9159.327998753208,High Value,Strategic,Loyal Customers,1,High-Value Loyal Customers,High-touch value protection,Top 5% predictive revenue CLV,50.0,0.08,3889.9464634500787,93.35871512280188,43.35871512280188,1.8671743024560377,0.04284549112247842,99.3960310612597,selected
15,14277,2011-12-10,0.4654530527549787,1.0,0.31000000000000005,0.2,0.9854849580270401,17197.61,8096.947992320978,High Value,Strategic,Champions,1,High-Value Loyal Customers,High-touch value protection,Top 5% predictive revenue CLV,50.0,0.08,3768.7491610240954,90.44997986457828,40.44997986457828,1.8089995972915656,0.044223337650144315,99.36727063560541,selected
16,16553,2011-12-10,0.6092272360809126,1.0,0.31000000000000005,0.2,0.7435362054814991,16584.010000000002,6059.522224102158,High Value,Strategic,Loyal Customers,1,High-Value Loyal Customers,High-touch value protection,Top 5% predictive revenue CLV,50.0,0.08,3691.625976560622,88.59902343745493,38.59902343745493,1.7719804687490985,0.04514722448181087,99.3385102099511,selected
17,12830,2011-12-10,0.4924209999492625,1.0,0.31000000000000005,0.2,0.9567955531445916,6814.64,7408.71638385908,High Value,Strategic,Champions,2,Established Moderate-Value Customers,High-touch value protection,Top 5% predictive revenue CLV,50.0,0.08,3648.207530080372,87.55698072192892,37.55698072192892,1.7511396144385785,0.04568453556779839,99.30974978429681,selected
18,18139,2011-12-10,0.3566630452815777,1.0,0.31000000000000005,0.2,0.9336812944479045,8438.34,10225.26302672378,High Value,Strategic,Champions,1,High-Value Loyal Customers,High-touch value protection,Top 5% predictive revenue CLV,50.0,0.08,3646.973449916426,87.52736279799423,37.52736279799423,1.7505472559598845,0.045699994517504915,99.28098935864251,selected
19,12433,2011-12-10,0.25584733720850933,0.0,0.31000000000000005,0.2,0.9887962344379803,20581.26,14134.220045143968,High Value,Strategic,Champions,1,High-Value Loyal Customers,High-touch value protection,Top 5% predictive revenue CLV,50.0,0.08,3616.2025620692207,86.78886148966129,36.788861489661286,1.7357772297932257,0.0460888636092605,99.2522289329882,selected
20,12435,2011-12-10,0.5827648703641516,1.0,0.31000000000000005,0.2,0.9705981485914481,13925.93,6124.33654445218,High Value,Strategic,Loyal Customers,1,High-Value Loyal Customers,High-touch value protection,Top 5% predictive revenue CLV,50.0,0.08,3569.0481923941106,85.65715661745865,35.657156617458654,1.713143132349173,0.04669779103062965,99.2234685073339,selected
21,12678,2011-12-10,0.2219864826837811,0.0,0.31000000000000005,0.2,0.9846266863807158,34281.18,15289.239591487454,High Value,Strategic,Champions,1,High-Value Loyal Customers,High-touch value protection,Top 5% predictive revenue CLV,50.0,0.08,3394.00451982391,81.45610847577383,31.45610847577383,1.6291221695154767,0.049106200564315625,99.19470808167961,selected
22,18087,2011-12-10,0.5253324708553547,1.0,0.31000000000000005,0.2,0.9579173780568442,14761.52,6413.841486377982,High Value,Strategic,Loyal Customers,1,High-Value Loyal Customers,High-touch value protection,Top 5% predictive revenue CLV,50.0,0.08,3369.3991957135263,80.86558069712463,30.865580697124628,1.6173116139424926,0.04946480276919881,99.16594765602531,selected
23,12357,2011-12-10,0.5291603142380391,1.0,0.31000000000000005,0.2,0.9491421977292726,18287.66,6303.592250134675,High Value,Strategic,Loyal Customers,1,High-Value Loyal Customers,High-touch value protection,Top 5% predictive revenue CLV,50.0,0.08,3335.6108559097324,80.05466054183357,30.05466054183357,1.6010932108366713,0.04996586048740722,99.10842680471671,selected
24,12939,2011-12-10,0.27265992772528985,0.0,0.31000000000000005,0.2,0.9749351453053593,25264.8,11786.310542830623,High Value,Strategic,Loyal Customers,1,High-Value Loyal Customers,High-touch value protection,Top 5% predictive revenue CLV,50.0,0.08,3213.654580756019,77.12770993814445,27.12770993814445,1.542554198762889,0.051862035100069155,99.07966637906242,selected
25,12882,2011-12-10,0.6441477812926338,1.0,0.31000000000000005,0.2,0.9470415259297696,1463.04,4977.849326122225,High Value,Strategic,Potential Loyalists,2,Established Moderate-Value Customers,High-touch value protection,Top 5% predictive revenue CLV,50.0,0.08,3206.4705990306634,76.95529437673592,26.95529437673592,1.5391058875347183,0.05197823011913818,99.0509059534081,selected
26,12477,2011-12-10,0.32056007060881486,1.0,0.31000000000000005,0.2,0.9851835524209829,20276.37,9929.997184355721,High Value,Strategic,Champions,1,High-Value Loyal Customers,High-touch value protection,Top 5% predictive revenue CLV,50.0,0.08,3183.160598562403,76.39585436549767,26.39585436549767,1.5279170873099535,0.052358862051112856,99.0221455277538,selected
27,12557,2011-12-10,0.39449312544352794,1.0,0.31000000000000005,0.2,0.985330574561228,18716.14,8040.733347195555,High Value,Strategic,Champions,1,High-Value Loyal Customers,High-touch value protection,Top 5% predictive revenue CLV,50.0,0.08,3172.0140289931746,76.1283366958362,26.128336695836197,1.522566733916724,0.05254285294556788,98.99338510209951,selected
28,16240,2011-12-10,0.3966301990344374,1.0,0.31000000000000005,0.2,0.939037046243793,3718.8,6219.5231047005445,High Value,Strategic,Potential Loyalists,0,At-Risk Return-Heavy Customers,Service recovery,Return-heavy ML behavioral profile,25.0,0.06,2466.850686916659,44.403312364499854,19.403312364499854,1.7761324945799941,0.03378126360679433,98.96462467644521,selected
29,12950,2011-12-10,0.388742139515845,1.0,0.31000000000000005,0.2,0.9664798789275105,1843.0,7412.5210019871265,High Value,Strategic,Loyal Customers,2,Established Moderate-Value Customers,High-touch value protection,Top 5% predictive revenue CLV,50.0,0.08,2881.559273518611,69.15742256444666,19.157422564446662,1.3831484512889332,0.057839055471919386,98.93586425079091,selected
30,13340,2011-12-10,0.34331966618424353,1.0,0.31000000000000005,0.2,0.9805084184173359,22100.56,8316.090790728123,High Value,Strategic,Champions,1,High-Value Loyal Customers,High-touch value protection,Top 5% predictive revenue CLV,50.0,0.08,2855.077514230641,68.52186034153539,18.521860341535387,1.3704372068307078,0.05837553125473667,98.90710382513662,selected
31,12980,2011-12-10,0.5775235318686528,1.0,0.31000000000000005,0.2,0.6860652986138582,16245.78,4905.039389223652,High Value,Strategic,Loyal Customers,1,High-Value Loyal Customers,High-touch value protection,Top 5% predictive revenue CLV,50.0,0.08,2832.775672019303,67.98661612846327,17.986616128463268,1.3597323225692655,0.05883510943450766,98.849582973828,selected
32,14045,2011-12-10,0.5318513296266167,1.0,0.31000000000000005,0.2,0.9426930125688922,11313.029999999999,5043.300252794354,High Value,Strategic,Loyal Customers,1,High-Value Loyal Customers,High-touch value protection,Top 5% predictive revenue CLV,50.0,0.08,2682.2859451549293,64.3748626837183,14.374862683718305,1.287497253674366,0.06213605487055556,98.79206212251941,selected
33,13564,2011-12-10,0.5758702689663361,1.0,0.31000000000000005,0.2,0.6014451978770823,17035.02,4674.188257112064,High Value,High,Loyal Customers,1,High-Value Loyal Customers,Personalized offer,Default scalable retention treatment,10.0,0.03,2691.726048822414,24.225534439401724,14.225534439401724,2.4225534439401724,0.012383627727612222,98.76330169686511,selected
34,15427,2011-12-10,0.5767273582184218,1.0,0.31000000000000005,0.2,0.9200157273486107,1430.54,4538.889383331607,High Value,High,Loyal Customers,2,Established Moderate-Value Customers,Personalized offer,Default scalable retention treatment,10.0,0.03,2617.701683294479,23.559315149650313,13.559315149650313,2.3559315149650315,0.012733816670577238,98.73454127121082,selected
35,12451,2011-12-10,0.39034244275044216,1.0,0.31000000000000005,0.2,0.9840390617883388,12669.88,6736.92399716622,High Value,Strategic,Champions,1,High-Value Loyal Customers,High-touch value protection,Top 5% predictive revenue CLV,50.0,0.08,2629.7073696779353,63.112976872270444,13.112976872270444,1.2622595374454089,0.06337840802685153,98.70578084555652,selected
36,15444,2011-12-10,0.5194071862859979,1.0,0.31000000000000005,0.2,0.9476627963829111,1411.21,5005.455853797371,High Value,Strategic,Potential Loyalists,2,Established Moderate-Value Customers,High-touch value protection,Top 5% predictive revenue CLV,50.0,0.08,2599.8697410996697,62.39687378639207,12.39687378639207,1.2479374757278414,0.0641057757748169,98.67702041990222,selected
37,15768,2011-12-10,0.5491076306770445,1.0,0.31000000000000005,0.2,0.6603133034715816,15308.89,4485.524541605039,High Value,High,Loyal Customers,1,High-Value Loyal Customers,Personalized offer,Default scalable retention treatment,10.0,0.03,2463.035753384479,22.16732178046031,12.167321780460309,2.2167321780460307,0.013533434619261904,98.64825999424791,selected
38,17500,2011-12-10,0.609308224559317,1.0,0.31000000000000005,0.2,0.9458771634822981,1138.0,4004.731543551799,Medium Value,High,Loyal Customers,2,Established Moderate-Value Customers,Personalized offer,Default scalable retention treatment,10.0,0.03,2440.11586663824,21.961042799744156,11.961042799744156,2.1961042799744157,0.01366055349628001,98.61949956859361,selected
39,17133,2011-12-10,0.39881909669263244,1.0,0.31000000000000005,0.2,0.9883649767052208,14622.33,6464.887288346583,High Value,Strategic,Champions,1,High-Value Loyal Customers,High-touch value protection,Top 5% predictive revenue CLV,50.0,0.08,2578.320508558066,61.87969220539358,11.879692205393582,1.2375938441078715,0.06464156264260394,98.59073914293933,selected
40,17107,2011-12-10,0.3524980745766913,1.0,0.31000000000000005,0.2,0.9834406138965136,16052.72,7288.348843929971,High Value,Strategic,Champions,1,High-Value Loyal Customers,High-touch value protection,Top 5% predictive revenue CLV,50.0,0.08,2569.128934328569,61.65909442388565,11.659094423885648,1.233181888477713,0.06487283080256316,98.56197871728502,selected
41,12731,2011-12-10,0.2059930394949203,0.0,0.31000000000000005,0.2,0.9893122377733653,25775.71,12455.032348068853,High Value,Strategic,Champions,1,High-Value Loyal Customers,High-touch value protection,Top 5% predictive revenue CLV,50.0,0.08,2565.649970386257,61.57559928927016,11.575599289270158,1.231511985785403,0.06496079690932084,98.53321829163072,selected
42,12798,2011-12-10,0.4447981395868318,1.0,0.31000000000000005,0.2,0.9739293501562886,8510.93,5730.060467096617,High Value,Strategic,Loyal Customers,2,Established Moderate-Value Customers,High-touch value protection,Top 5% predictive revenue CLV,50.0,0.08,2548.7202354846277,61.169285651631064,11.169285651631064,1.2233857130326213,0.06539229545332023,98.50445786597642,selected
43,16532,2011-12-10,0.5172515762628528,1.0,0.31000000000000005,0.2,0.9779632132379802,8756.64,4506.652039333889,High Value,High,Champions,2,Established Moderate-Value Customers,Personalized offer,Default scalable retention treatment,10.0,0.03,2331.072871013654,20.979655839122884,10.979655839122884,2.0979655839122886,0.014299567271287629,98.47569744032212,selected
44,14016,2011-12-10,0.5145590795192243,1.0,0.31000000000000005,0.2,0.8948601258213404,11403.41,4521.17220433984,High Value,High,Loyal Customers,1,High-Value Loyal Customers,Personalized offer,Default scalable retention treatment,10.0,0.03,2326.4102078130104,20.937691870317092,10.937691870317092,2.0937691870317092,0.01432822690572228,98.44693701466781,selected
45,15523,2011-12-10,0.34508127172210323,1.0,0.31000000000000005,0.2,0.9661050575995256,17259.19,7353.778548406921,High Value,Strategic,Loyal Customers,1,High-Value Loyal Customers,High-touch value protection,Top 5% predictive revenue CLV,50.0,0.08,2537.6512534469825,60.903630082727574,10.903630082727574,1.2180726016545516,0.06567753013353485,98.41817658901351,selected
46,12356,2011-12-10,0.5301561685290029,1.0,0.31000000000000005,0.2,0.9786110660880677,6371.7300000000005,4303.693053583944,High Value,High,Champions,1,High-Value Loyal Customers,Personalized offer,Default scalable retention treatment,10.0,0.03,2281.6294198129485,20.534664778316536,10.534664778316536,2.0534664778316536,0.014609442288864793,98.38941616335923,selected
47,17509,2011-12-10,0.4799359089555425,1.0,0.31000000000000005,0.2,0.8542705631157661,6083.64,5252.600224869127,High Value,Strategic,Champions,1,High-Value Loyal Customers,High-touch value protection,Top 5% predictive revenue CLV,50.0,0.08,2520.911463302651,60.50187511926363,10.50187511926363,1.2100375023852725,0.06611365337214832,98.36065573770492,selected
48,14733,2011-12-10,0.2357836223008161,0.0,0.31000000000000005,0.2,0.9886280397147964,16165.17,10661.329217714563,High Value,Strategic,Champions,1,High-Value Loyal Customers,High-touch value protection,Top 5% predictive revenue CLV,50.0,0.08,2513.7668214942655,60.330403715862374,10.330403715862374,1.2066080743172476,0.06630156195935252,98.33189531205062,selected
49,13447,2011-12-10,0.4922266769892945,1.0,0.31000000000000005,0.2,0.9362695105829061,1129.14,3942.1357490677156,Medium Value,High,Loyal Customers,0,At-Risk Return-Heavy Customers,Service recovery,Return-heavy ML behavioral profile,25.0,0.06,1940.424380004305,34.92763884007749,9.927638840077492,1.3971055536030996,0.04294593192709136,98.30313488639632,selected
50,13521,2011-12-10,0.4562546722057039,1.0,0.31000000000000005,0.2,0.9673053440802445,1071.73,4843.278145679861,Medium Value,High,Loyal Customers,2,Established Moderate-Value Customers,Personalized offer,Default scalable retention treatment,10.0,0.03,2209.768282758215,19.887914544823932,9.887914544823932,1.9887914544823933,0.015084537864633906,98.27437446074202,selected
51,13505,2011-12-10,0.43886101703157937,1.0,0.31000000000000005,0.2,0.9348590853287985,4393.63,4404.106391286637,High Value,High,Loyal Customers,0,At-Risk Return-Heavy Customers,Service recovery,Return-heavy ML behavioral profile,25.0,0.06,1932.7906099953323,34.790230979915975,9.790230979915975,1.391609239196639,0.04311555162901717,98.24561403508771,selected
52,15786,2011-12-10,0.48992951575361465,1.0,0.31000000000000005,0.2,0.9678443252284105,8501.62,4445.14417744659,High Value,High,Champions,1,High-Value Loyal Customers,Personalized offer,Default scalable retention treatment,10.0,0.03,2177.807334311408,19.60026600880267,9.60026600880267,1.960026600880267,0.015305914718977133,98.21685360943341,selected
53,15497,2011-12-10,0.5040349724303608,1.0,0.31000000000000005,0.2,0.9864796405020471,8657.39,4030.144773526054,High Value,High,Champions,1,High-Value Loyal Customers,Personalized offer,Default scalable retention treatment,10.0,0.03,2031.3339098145673,18.2820051883311,8.282005188331102,1.82820051883311,0.01640957853963862,98.18809318377913,selected
54,14364,2011-12-10,0.6734024538430086,1.0,0.31000000000000005,0.2,0.7000905383335273,3717.35,2980.0048041249215,High Value,High,Loyal Customers,2,Established Moderate-Value Customers,Personalized offer,Default scalable retention treatment,10.0,0.03,2006.7425475616762,18.060682928055083,8.060682928055083,1.8060682928055083,0.01661066755864399,98.15933275812482,selected
55,15676,2011-12-10,0.6432842030765442,1.0,0.31000000000000005,0.2,0.9638470140528429,3435.76,3090.269625538156,High Value,High,Loyal Customers,1,High-Value Loyal Customers,Personalized offer,Default scalable retention treatment,10.0,0.03,1987.9216333559634,17.89129470020367,7.8912947002036695,1.789129470020367,0.016767931277582995,98.13057233247052,selected
56,13162,2011-12-10,0.5300534004568982,1.0,0.31000000000000005,0.2,0.9196508184453593,9275.49,3694.708481505167,High Value,High,Loyal Customers,1,High-Value Loyal Customers,Personalized offer,Default scalable retention treatment,10.0,0.03,1958.3927943187566,17.62553514886881,7.62553514886881,1.762553514886881,0.017020759793455336,98.10181190681621,selected
57,16253,2011-12-10,0.5942253952015519,1.0,0.31000000000000005,0.2,0.9748249482598117,7272.2,3290.933130328334,High Value,High,Loyal Customers,1,High-Value Loyal Customers,Personalized offer,Default scalable retention treatment,10.0,0.03,1955.5560399512347,17.600004359561108,7.600004359561108,1.7600004359561108,0.017045450323256685,98.07305148116193,selected
58,12758,2011-12-10,0.5627689179764218,1.0,0.31000000000000005,0.2,0.9605151607312009,9903.24,3469.8639195848477,High Value,High,Loyal Customers,1,High-Value Loyal Customers,Personalized offer,Default scalable retention treatment,10.0,0.03,1952.7315635501907,17.574584071951715,7.5745840719517155,1.7574584071951715,0.017070105259491583,98.04429105550763,selected
59,15260,2011-12-10,0.4926393617302545,1.0,0.31000000000000005,0.2,0.9319062538087597,9188.23,3884.555937650478,High Value,High,Loyal Customers,1,High-Value Loyal Customers,Personalized offer,Default scalable retention treatment,10.0,0.03,1913.6851577296018,17.223166419566414,7.2231664195664145,1.7223166419566414,0.01741839988605024,98.01553062985332,selected
60,12597,2011-12-10,0.47777660104221203,1.0,0.31000000000000005,0.2,0.9700976695698944,3811.22,3978.5125867471247,High Value,High,Loyal Customers,1,High-Value Loyal Customers,Personalized offer,Default scalable retention treatment,10.0,0.03,1900.8402208997,17.1075619880973,7.107561988097299,1.71075619880973,0.017536104806092592,97.98677020419902,selected
61,17788,2011-12-10,0.709494030660256,1.0,0.31000000000000005,0.2,0.9044930379269175,1117.9,2651.6946561052605,Medium Value,High,Need Attention,2,Established Moderate-Value Customers,Personalized offer,Default scalable retention treatment,10.0,0.03,1881.3615296403825,16.93225376676344,6.932253766763441,1.693225376676344,0.01771766500386819,97.95800977854472,selected
62,15939,2011-12-10,0.43089032182711146,1.0,0.31000000000000005,0.2,0.8341852529820712,9060.39,4347.910997460154,High Value,High,Loyal Customers,1,High-Value Loyal Customers,Personalized offer,Default scalable retention treatment,10.0,0.03,1873.472768971243,16.86125492074119,6.861254920741189,1.6861254920741189,0.01779226999474204,97.92924935289042,selected
63,13365,2011-12-10,0.6841270428909355,1.0,0.31000000000000005,0.2,0.9449910167689253,2225.37,2586.956761744399,High Value,High,Potential Loyalists,0,At-Risk Return-Heavy Customers,Service recovery,Return-heavy ML behavioral profile,25.0,0.06,1769.8070794989062,31.85652743098031,6.856527430980311,1.2742610972392123,0.047086111417820695,97.90048892723611,selected
64,17340,2011-12-10,0.2182026455636643,0.0,0.31000000000000005,0.2,0.9876551739481768,22289.22,10828.334871366555,High Value,Strategic,Champions,1,High-Value Loyal Customers,High-touch value protection,Top 5% predictive revenue CLV,50.0,0.08,2362.771315981463,56.706511583555105,6.7065115835551055,1.1341302316711022,0.07053863636288288,97.87172850158183,selected
65,16303,2011-12-10,0.4590106057227334,1.0,0.31000000000000005,0.2,0.9818443096650077,7928.27,4011.0846202193097,High Value,High,Champions,1,High-Value Loyal Customers,Personalized offer,Default scalable retention treatment,10.0,0.03,1841.1303811320054,16.570173430188046,6.570173430188046,1.6570173430188047,0.018104819558101358,97.84296807592753,selected
66,16550,2011-12-10,0.480749397258005,1.0,0.31000000000000005,0.2,0.9302771845225041,9368.24,3822.9998401308108,High Value,High,Loyal Customers,1,High-Value Loyal Customers,Personalized offer,Default scalable retention treatment,10.0,0.03,1837.9048688603366,16.541143819743027,6.541143819743027,1.6541143819743027,0.018136593410301452,97.81420765027322,selected
67,12378,2011-12-10,0.6166415003838457,1.0,0.31000000000000005,0.2,0.935285237030078,5416.32,2933.6111842737964,High Value,High,Need Attention,2,Established Moderate-Value Customers,Personalized offer,Default scalable retention treatment,10.0,0.03,1808.9864022134243,16.28087761992082,6.280877619920819,1.628087761992082,0.018426525093028678,97.78544722461892,selected
68,14145,2011-12-10,0.5131142036031865,1.0,0.31000000000000005,0.2,0.9773044084474283,7600.049999999999,3508.357028206202,High Value,High,Champions,2,Established Moderate-Value Customers,Personalized offer,Default scalable retention treatment,10.0,0.03,1800.1878224836673,16.201690402353005,6.201690402353005,1.6201690402353006,0.018516586390049175,97.75668679896462,selected
69,12359,2011-12-10,0.47400093021874606,1.0,0.31000000000000005,0.2,0.9794597842039977,8873.39,3790.955712562132,High Value,High,Champions,1,High-Value Loyal Customers,Personalized offer,Default scalable retention treatment,10.0,0.03,1796.9165341725197,16.172248807552677,6.172248807552677,1.6172248807552676,0.01855029585371551,97.72792637331032,selected
70,13631,2011-12-10,0.5827942101340151,1.0,0.31000000000000005,0.2,0.8622996671660274,3070.42,3052.235377416518,High Value,High,Loyal Customers,2,Established Moderate-Value Customers,Personalized offer,Default scalable retention treatment,10.0,0.03,1778.8251059245572,16.009425953321013,6.0094259533210135,1.6009425953321013,0.018738960464586032,97.69916594765603,selected
71,12637,2011-12-10,0.38742224115367146,1.0,0.31000000000000005,0.2,0.9683873246532018,8283.81,4576.401623288883,High Value,High,Loyal Customers,1,High-Value Loyal Customers,Personalized offer,Default scalable retention treatment,10.0,0.03,1772.999773313879,15.956997959824909,5.956997959824909,1.5956997959824908,0.018800528818472807,97.67040552200173,selected
72,12438,2011-12-10,0.4909538026710317,1.0,0.31000000000000005,0.2,0.9494403080015206,2906.85,4638.764401734947,High Value,High,Potential Loyalists,2,Established Moderate-Value Customers,Automated nurture,Early-lifecycle or dormant one-time profile,1.0,0.01,2277.4190227267854,6.832257068180357,5.832257068180357,6.832257068180357,0.0014636451615049246,97.64164509634743,selected
73,17672,2011-12-10,0.6004293614867434,1.0,0.31000000000000005,0.2,0.9756893000941217,5778.63,2925.3960811978923,High Value,High,Champions,1,High-Value Loyal Customers,Personalized offer,Default scalable retention treatment,10.0,0.03,1756.493701129472,15.808443310165247,5.808443310165247,1.5808443310165248,0.01897720060817703,97.61288467069312,selected
74,14286,2011-12-10,0.5286259865888449,1.0,0.31000000000000005,0.2,0.9805505657895189,8479.76,3321.2994437324564,High Value,High,Champions,1,High-Value Loyal Customers,Personalized offer,Default scalable retention treatment,10.0,0.03,1755.7251952000513,15.801526756800461,5.801526756800461,1.5801526756800461,0.018985507199226162,97.58412424503882,selected
75,16688,2011-12-10,0.4794734042100856,1.0,0.31000000000000005,0.2,0.9750699294822742,1260.86,3656.740719598955,High Value,High,Loyal Customers,2,Established Moderate-Value Customers,Personalized offer,Default scalable retention treatment,10.0,0.03,1753.3099211397491,15.779789290257742,5.779789290257742,1.5779789290257742,0.019011660706091716,97.55536381938452,selected
76,15372,2011-12-10,0.608416191747244,1.0,0.31000000000000005,0.2,0.9478503666856606,6017.06,2875.4276967657424,High Value,High,Loyal Customers,1,High-Value Loyal Customers,Personalized offer,Default scalable retention treatment,10.0,0.03,1749.4567689107623,15.745110920196861,5.745110920196861,1.574511092019686,0.019053533602940733,97.52660339373023,selected
77,15977,2011-12-10,0.6579530259897886,1.0,0.31000000000000005,0.2,0.9393870808529998,1054.73,3410.627723833335,Medium Value,High,Potential Loyalists,2,Established Moderate-Value Customers,Automated nurture,Early-lifecycle or dormant one-time profile,1.0,0.01,2244.0328314208077,6.732098494262423,5.732098494262423,6.732098494262423,0.0014854209290792043,97.49784296807593,selected
78,12578,2011-12-10,0.6027119297837839,1.0,0.31000000000000005,0.2,0.971851122414981,4642.45,2886.3865542581634,High Value,High,Loyal Customers,1,High-Value Loyal Customers,Personalized offer,Default scalable retention treatment,10.0,0.03,1739.659610218904,15.656936491970134,5.656936491970134,1.5656936491970135,0.01916083648636238,97.46908254242163,selected
79,12406,2011-12-10,0.6053558455471572,1.0,0.31000000000000005,0.2,0.9775419034524626,6390.360000000001,2844.680024113147,High Value,High,Champions,1,High-Value Loyal Customers,Personalized offer,Default scalable retention treatment,10.0,0.03,1722.0436813081214,15.498393131773092,5.498393131773092,1.5498393131773092,0.019356845412894653,97.44032211676733,selected
80,13523,2011-12-10,0.4536650146938464,1.0,0.31000000000000005,0.2,0.9725084559119501,5101.52,3792.425232699286,High Value,High,Champions,1,High-Value Loyal Customers,Personalized offer,Default scalable retention treatment,10.0,0.03,1720.4906489178354,15.484415840260517,5.484415840260517,1.5484415840260517,0.01937431822387383,97.41156169111302,selected
81,15505,2011-12-10,0.3768126511218862,1.0,0.31000000000000005,0.2,0.932175066442318,3610.96,4562.928315215181,High Value,High,Champions,1,High-Value Loyal Customers,Personalized offer,Default scalable retention treatment,10.0,0.03,1719.369115335354,15.474322038018187,5.474322038018187,1.5474322038018187,0.019386955968923425,97.38280126545872,selected
82,14418,2011-12-10,0.3874588445104669,1.0,0.31000000000000005,0.2,0.9670080801262281,1937.25,4423.661423990978,High Value,High,Loyal Customers,2,Established Moderate-Value Customers,Personalized offer,Default scalable retention treatment,10.0,0.03,1713.9867438450708,15.425880694605636,5.425880694605636,1.5425880694605636,0.01944783613585892,97.35404083980444,selected
83,16984,2011-12-10,0.38032494859113686,1.0,0.31000000000000005,0.2,0.965172129387226,10350.53,4495.303263563565,High Value,High,Loyal Customers,1,High-Value Loyal Customers,Personalized offer,Default scalable retention treatment,10.0,0.03,1709.6759826163827,15.387083843547442,5.387083843547442,1.5387083843547442,0.01949687173023397,97.32528041415013,selected
84,16379,2011-12-10,0.3522200543508159,1.0,0.31000000000000005,0.2,0.9731283181041899,2157.4,4820.176012512521,High Value,High,Loyal Customers,1,High-Value Loyal Customers,Personalized offer,Default scalable retention treatment,10.0,0.03,1697.7626571076592,15.279863913968931,5.279863913968931,1.5279863913968932,0.019633682714002343,97.29651998849583,selected
85,12643,2011-12-10,0.5386238790300383,1.0,0.31000000000000005,0.2,0.9185044607960463,8304.82,3149.300661612795,High Value,High,Loyal Customers,1,High-Value Loyal Customers,Personalized offer,Default scalable retention treatment,10.0,0.03,1696.2885385897496,15.266596847307746,5.266596847307746,1.5266596847307745,0.019650744890987594,97.26775956284153,selected
86,13555,2011-12-10,0.4232691349871812,1.0,0.31000000000000005,0.2,0.9732333832337005,8891.84,3992.242696604809,High Value,High,Loyal Customers,1,High-Value Loyal Customers,Personalized offer,Default scalable retention treatment,10.0,0.03,1689.7931128508094,15.208138015657283,5.208138015657283,1.5208138015657284,0.019726280738058797,97.23899913718724,selected
87,16079,2011-12-10,0.4703334445652511,1.0,0.31000000000000005,0.2,0.9508136323390005,1352.0,3579.6343587454694,High Value,High,Loyal Customers,2,Established Moderate-Value Customers,Personalized offer,Default scalable retention treatment,10.0,0.03,1683.6217582328804,15.152595824095924,5.152595824095924,1.5152595824095925,0.019798587877790205,97.21023871153292,selected
88,13362,2011-12-10,0.4652824432578912,1.0,0.31000000000000005,0.2,0.9838697968716023,5394.07,3595.9144937136202,High Value,High,Champions,1,High-Value Loyal Customers,Personalized offer,Default scalable retention treatment,10.0,0.03,1673.1158813815362,15.058042932433823,5.058042932433823,1.5058042932433824,0.019922907734166696,97.18147828587863,selected
89,17204,2011-12-10,0.5648001817869079,1.0,0.31000000000000005,0.2,0.8780664456629907,5504.6900000000005,2917.127765139504,High Value,High,Loyal Customers,1,High-Value Loyal Customers,Personalized offer,Default scalable retention treatment,10.0,0.03,1647.5942920464283,14.828348628417853,4.828348628417853,1.4828348628417853,0.02023151785257218,97.15271786022434,selected
90,17444,2011-12-10,0.7246625587228285,1.0,0.31000000000000005,0.2,0.6816115861589291,2940.04,2262.7865992737775,High Value,High,Loyal Customers,2,Established Moderate-Value Customers,Personalized offer,Default scalable retention treatment,10.0,0.03,1639.756726873463,14.757810541861167,4.757810541861167,1.4757810541861167,0.02032821868454247,97.12395743457003,selected
91,12630,2011-12-10,0.6849614402841334,1.0,0.31000000000000005,0.2,0.9478999000754407,1270.88,2777.0960470688838,High Value,High,Potential Loyalists,2,Established Moderate-Value Customers,Automated nurture,Early-lifecycle or dormant one-time profile,1.0,0.01,1902.2037082076763,5.706611124623029,4.706611124623029,5.706611124623029,0.001752353503965208,97.09519700891573,selected
92,12646,2011-12-10,0.6559684894256272,1.0,0.31000000000000005,0.2,0.9521372035826557,1346.97,2824.206792015222,High Value,High,Potential Loyalists,2,Established Moderate-Value Customers,Automated nurture,Early-lifecycle or dormant one-time profile,1.0,0.01,1852.5906631838218,5.5577719895514655,4.5577719895514655,5.5577719895514655,0.0017992821617727143,97.06643658326144,selected
93,17203,2011-12-10,0.5116689101633232,1.0,0.31000000000000005,0.2,0.9677237612060173,5564.09,3157.782505054382,High Value,High,Champions,1,High-Value Loyal Customers,Personalized offer,Default scalable retention treatment,10.0,0.03,1615.739132893984,14.541652196045856,4.541652196045856,1.4541652196045856,0.020630393022436307,97.03767615760714,selected
94,15156,2011-12-10,0.5212744967385131,1.0,0.31000000000000005,0.2,0.9676086340571817,961.49,3078.871448134181,Medium Value,High,Loyal Customers,2,Established Moderate-Value Customers,Personalized offer,Default scalable retention treatment,10.0,0.03,1604.9371646487223,14.444434481838499,4.444434481838499,1.44444344818385,0.020769245094171093,97.00891573195284,selected
95,15009,2011-12-10,0.46973145110358455,1.0,0.31000000000000005,0.2,0.9534734004450848,1259.43,3410.1414897088066,High Value,High,Loyal Customers,2,Established Moderate-Value Customers,Personalized offer,Default scalable retention treatment,10.0,0.03,1601.8507104294572,14.416656393865113,4.416656393865113,1.4416656393865113,0.020809263382850857,96.98015530629853,selected
96,16456,2011-12-10,0.49879920191236804,1.0,0.31000000000000005,0.2,0.9492521933095057,6788.34,3194.626818806611,High Value,High,Loyal Customers,1,High-Value Loyal Customers,Personalized offer,Default scalable retention treatment,10.0,0.03,1593.4773076285849,14.341295768657263,4.341295768657263,1.4341295768657263,0.02091861187715315,96.95139488064424,selected
97,17566,2011-12-10,0.599054451130002,1.0,0.31000000000000005,0.2,0.9472774507335476,869.77,2866.314140630893,Medium Value,High,Potential Loyalists,2,Established Moderate-Value Customers,Automated nurture,Early-lifecycle or dormant one-time profile,1.0,0.01,1717.0782442818029,5.151234732845409,4.151234732845409,5.151234732845409,0.0019412821427526481,96.92263445498993,selected
98,15382,2011-12-10,0.3940135607796832,1.0,0.31000000000000005,0.2,0.9880137254520842,13733.55,5724.141885566025,High Value,Strategic,Champions,1,High-Value Loyal Customers,High-touch value protection,Top 5% predictive revenue CLV,50.0,0.08,2255.3895267399994,54.12934864175998,4.129348641759982,1.0825869728351996,0.07389706509259673,96.89387402933563,selected
99,14461,2011-12-10,0.5440124177899989,1.0,0.31000000000000005,0.2,0.9003417288090213,6676.91,2882.4821641108897,High Value,High,Loyal Customers,1,High-Value Loyal Customers,Personalized offer,Default scalable retention treatment,10.0,0.03,1568.1060913345134,14.11295482201062,4.11295482201062,1.411295482201062,0.021257065142171277,96.86511360368132,selected
100,12456,2011-12-10,0.5291802897442689,1.0,0.31000000000000005,0.2,0.9537516597985909,3181.04,2957.3476432556686,High Value,High,Loyal Customers,1,High-Value Loyal Customers,Personalized offer,Default scalable retention treatment,10.0,0.03,1564.9700827325655,14.08473074459309,4.08473074459309,1.408473074459309,0.021299661700325042,96.83635317802704,selected
101,14387,2011-12-10,0.4930851346212159,1.0,0.31000000000000005,0.2,0.9462942954945455,1727.6,3165.847634246879,High Value,High,Loyal Customers,2,Established Moderate-Value Customers,Personalized offer,Default scalable retention treatment,10.0,0.03,1561.0324069228802,14.049291662305922,4.049291662305922,1.4049291662305923,0.021353389708955672,96.80759275237274,selected
102,14005,2011-12-10,0.4107426004179603,1.0,0.31000000000000005,0.2,0.9771465490697564,2874.7200000000003,3799.562991782133,High Value,High,Champions,2,Established Moderate-Value Customers,Personalized offer,Default scalable retention treatment,10.0,0.03,1560.6423836964384,14.045781453267946,4.045781453267946,1.4045781453267945,0.021358726176833747,96.77883232671843,selected
103,14146,2011-12-10,0.359569671503147,1.0,0.31000000000000005,0.2,0.987728464520019,9450.3,4327.122714484709,High Value,High,Champions,1,High-Value Loyal Customers,Personalized offer,Default scalable retention treatment,10.0,0.03,1555.9020930010724,14.003118837009652,4.0031188370096515,1.4003118837009652,0.021423798761681052,96.75007190106413,selected
104,17084,2011-12-10,0.5525208153807606,1.0,0.31000000000000005,0.2,0.9488767839392694,5001.21,2798.3832068223683,High Value,High,Loyal Customers,1,High-Value Loyal Customers,Personalized offer,Default scalable retention treatment,10.0,0.03,1546.1649711813225,13.9154847406319,3.9154847406319,1.39154847406319,0.02155871718388856,96.72131147540983,selected
105,16513,2011-12-10,0.49667818100486916,1.0,0.31000000000000005,0.2,0.9721270742666339,874.59,3106.192220560161,Medium Value,High,Loyal Customers,2,Established Moderate-Value Customers,Personalized offer,Default scalable retention treatment,10.0,0.03,1542.777901959296,13.885001117633665,3.8850011176336654,1.3885001117633666,0.021606047954796793,96.69255104975554,selected
106,15903,2011-12-10,0.35091747472139706,1.0,0.31000000000000005,0.2,0.9902662353609475,8939.84,4385.47713413372,High Value,High,Champions,1,High-Value Loyal Customers,Personalized offer,Default scalable retention treatment,10.0,0.03,1538.9405613586346,13.85046505222771,3.85046505222771,1.385046505222771,0.021659922527420692,96.66379062410122,selected
107,15653,2011-12-10,0.759884800788748,1.0,0.31000000000000005,0.2,0.860802640643321,877.4399999999999,2104.7405755761542,Medium Value,High,Need Attention,3,Dormant One-Time Customers,Automated nurture,Early-lifecycle or dormant one-time profile,1.0,0.01,1599.3603729836807,4.798081118951043,3.7980811189510426,4.798081118951043,0.0020841665140889083,96.63503019844694,selected
108,13082,2011-12-10,0.490214409501879,1.0,0.31000000000000005,0.2,0.9068482885914373,7335.75,3109.369309444806,High Value,High,Loyal Customers,1,High-Value Loyal Customers,Personalized offer,Default scalable retention treatment,10.0,0.03,1524.2576399527509,13.718318759574757,3.718318759574757,1.3718318759574757,0.02186856897392137,96.60626977279264,selected
109,12397,2011-12-10,0.5417264517617496,1.0,0.31000000000000005,0.2,0.9385778725559466,2409.8999999999996,2878.0112263683436,High Value,High,Potential Loyalists,2,Established Moderate-Value Customers,Automated nurture,Early-lifecycle or dormant one-time profile,1.0,0.01,1559.0948097910043,4.677284429373013,3.677284429373013,4.677284429373013,0.002137992707306982,96.57750934713833,selected
110,16938,2011-12-10,0.47295221263280984,1.0,0.31000000000000005,0.2,0.9876737038457893,6995.360000000001,3212.6213670014777,High Value,High,Champions,1,High-Value Loyal Customers,Personalized offer,Default scalable retention treatment,10.0,0.03,1519.416383874791,13.67474745487312,3.6747474548731205,1.367474745487312,0.021938247926698805,96.54874892148403,selected
111,15581,2011-12-10,0.6521892397201375,1.0,0.31000000000000005,0.2,0.695631232002127,7752.74,2315.2163678823613,High Value,High,Loyal Customers,1,High-Value Loyal Customers,Personalized offer,Default scalable retention treatment,10.0,0.03,1509.9592027568156,13.58963282481134,3.589632824811339,1.358963282481134,0.022075651628517403,96.51998849582974,selected
112,15531,2011-12-10,0.5553014285819703,1.0,0.31000000000000005,0.2,0.9477554468457604,1972.3899999999999,2727.0277197110445,High Value,High,Potential Loyalists,2,Established Moderate-Value Customers,Automated nurture,Early-lifecycle or dormant one-time profile,1.0,0.01,1514.3223885381758,4.542967165614527,3.5429671656145274,4.542967165614527,0.0022012045510012616,96.49122807017544,selected
113,15274,2011-12-10,0.6379460596175661,1.0,0.31000000000000005,0.2,0.9509640649855728,716.57,2354.060414049392,Medium Value,High,Potential Loyalists,2,Established Moderate-Value Customers,Automated nurture,Early-lifecycle or dormant one-time profile,1.0,0.01,1501.7635652445058,4.5052906957335175,3.5052906957335175,4.5052906957335175,0.0022196126011291436,96.46246764452114,selected
114,13869,2011-12-10,0.46138614765036945,1.0,0.31000000000000005,0.2,0.9457026914454262,7996.870000000001,3231.5884205715975,High Value,High,Loyal Customers,1,High-Value Loyal Customers,Personalized offer,Default scalable retention treatment,10.0,0.03,1491.0101321590712,13.41909118943164,3.41909118943164,1.341909118943164,0.022356208461886632,96.43370721886684,selected
115,12497,2011-12-10,0.5339224903284501,1.0,0.31000000000000005,0.2,0.9570122418680079,6248.5,2954.5262044063693,High Value,High,Loyal Customers,0,At-Risk Return-Heavy Customers,Service recovery,Return-heavy ML behavioral profile,25.0,0.06,1577.487988797312,28.394783798351614,3.3947837983516145,1.1357913519340646,0.05282660402179497,96.40494679321255,selected
116,17387,2011-12-10,0.5927909422351171,1.0,0.31000000000000005,0.2,0.9354806985263638,746.81,2430.7761694948067,Medium Value,High,Potential Loyalists,2,Established Moderate-Value Customers,Automated nurture,Early-lifecycle or dormant one-time profile,1.0,0.01,1440.9420958774951,4.322826287632485,3.322826287632485,4.322826287632485,0.0023133013761412967,96.37618636755823,selected
117,15480,2011-12-10,0.5952487201766752,1.0,0.31000000000000005,0.2,0.9557412010609345,6279.0,2483.558539548384,High Value,High,Loyal Customers,1,High-Value Loyal Customers,Personalized offer,Default scalable retention treatment,10.0,0.03,1478.3350421500281,13.305015379350252,3.3050153793502517,1.3305015379350251,0.022547888254650813,96.34742594190394,selected
118,13726,2011-12-10,0.6053206435456183,1.0,0.31000000000000005,0.2,0.9312086300553551,1079.66,2368.933888444499,Medium Value,High,Potential Loyalists,2,Established Moderate-Value Customers,Automated nurture,Early-lifecycle or dormant one-time profile,1.0,0.01,1433.9645858702484,4.301893757610745,3.3018937576107454,4.301893757610745,0.002324557639832082,96.31866551624964,selected
119,15621,2011-12-10,0.4019950409099058,1.0,0.31000000000000005,0.2,0.9641095878119154,1293.03,3901.0689934894485,High Value,High,Loyal Customers,0,At-Risk Return-Heavy Customers,Service recovery,Return-heavy ML behavioral profile,25.0,0.06,1568.2103896301558,28.2277870133428,3.2277870133428017,1.1291114805337121,0.053139128451372225,96.28990509059534,selected
120,13373,2011-12-10,0.4456640694050246,1.0,0.31000000000000005,0.2,0.9744676581720907,7587.1900000000005,3294.4271502566753,High Value,High,Loyal Customers,1,High-Value Loyal Customers,Personalized offer,Default scalable retention treatment,10.0,0.03,1468.2078101417885,13.213870291276095,3.213870291276095,1.3213870291276095,0.022703416439471366,96.26114466494104,selected
121,12539,2011-12-10,0.48567722828195037,1.0,0.31000000000000005,0.2,0.980614682874305,11214.75,3009.516535350362,High Value,High,Champions,1,High-Value Loyal Customers,Personalized offer,Default scalable retention treatment,10.0,0.03,1461.6536493576623,13.15488284421896,3.1548828442189603,1.315488284421896,0.02280522020246177,96.23238423928674,selected
122,16633,2011-12-10,0.4578864330874404,1.0,0.31000000000000005,0.2,0.9770052393561157,2883.1,3184.0846928660712,High Value,High,Champions,1,High-Value Loyal Customers,Personalized offer,Default scalable retention treatment,10.0,0.03,1457.9491826647636,13.121542643982872,3.121542643982872,1.3121542643982873,0.02286316541733533,96.20362381363245,selected
123,16745,2011-12-10,0.3168814158967435,1.0,0.31000000000000005,0.2,0.6697345217072804,7180.7,4590.322336966892,High Value,High,Loyal Customers,1,High-Value Loyal Customers,Personalized offer,Default scalable retention treatment,10.0,0.03,1454.5878415605173,13.091290574044656,3.091290574044656,1.3091290574044656,0.02291599886987404,96.17486338797814,selected
124,13124,2011-12-10,0.4430368792653384,1.0,0.31000000000000005,0.2,0.9470346896373243,4641.66,3277.2426250060407,High Value,High,Loyal Customers,2,Established Moderate-Value Customers,Personalized offer,Default scalable retention treatment,10.0,0.03,1451.939345178022,13.067454106602197,3.067454106602197,1.3067454106602197,0.022957800161580676,96.14610296232384,selected
125,17590,2011-12-10,0.30871246716007394,0.0,0.31000000000000005,0.2,0.9668171177366375,1468.02,4696.025967564388,High Value,High,Loyal Customers,2,Established Moderate-Value Customers,Personalized offer,Default scalable retention treatment,10.0,0.03,1449.7217622945757,13.04749586065118,3.04749586065118,1.304749586065118,0.022992917813811627,96.11734253666955,selected
126,15281,2011-12-10,0.4136830114289256,1.0,0.31000000000000005,0.2,0.9578131120769046,8543.57,3500.9624326099183,High Value,High,Champions,1,High-Value Loyal Customers,Personalized offer,Default scalable retention treatment,10.0,0.03,1448.288682021608,13.034598138194472,3.0345981381944718,1.303459813819447,0.023015669284113072,96.08858211101524,selected
127,13298,2011-12-10,0.8680762418930553,1.0,0.31000000000000005,0.2,1.0,360.0,1527.1721323081067,Low Value,Core,New Customers,3,Dormant One-Time Customers,Automated nurture,Early-lifecycle or dormant one-time profile,1.0,0.01,1325.701845337825,3.9771055360134753,2.9771055360134753,3.9771055360134753,0.0025143914109012266,96.05982168536094,selected
128,15654,2011-12-10,0.6183439099793229,1.0,0.31000000000000005,0.2,0.9463032653313571,922.53,2109.9030943629523,Medium Value,High,Potential Loyalists,2,Established Moderate-Value Customers,Automated nurture,Early-lifecycle or dormant one-time profile,1.0,0.01,1304.6457290458602,3.9139371871375808,2.9139371871375808,3.9139371871375808,0.0025549720197000406,96.03106125970665,selected
129,16320,2011-12-10,0.6022123404528587,1.0,0.31000000000000005,0.2,0.9305445424830547,5628.99,2378.160448916631,High Value,High,Loyal Customers,1,High-Value Loyal Customers,Personalized offer,Default scalable retention treatment,10.0,0.03,1432.1575699145055,12.889418129230549,2.889418129230549,1.288941812923055,0.02327490636056423,96.00230083405235,selected
130,12473,2011-12-10,0.4340030924271937,1.0,0.31000000000000005,0.2,0.9626344409787537,3928.05,5073.262281628478,High Value,Strategic,Champions,1,High-Value Loyal Customers,High-touch value protection,Top 5% predictive revenue CLV,50.0,0.08,2201.8115189210002,52.84347645410401,2.8434764541040067,1.0568695290820802,0.07569524695208327,95.97354040839804,selected
131,17085,2011-12-10,0.5054605116575656,1.0,0.31000000000000005,0.2,0.790867025983474,7847.67,2820.9255777990184,High Value,High,Loyal Customers,1,High-Value Loyal Customers,Personalized offer,Default scalable retention treatment,10.0,0.03,1425.8664859022056,12.832798373119848,2.8327983731198483,1.283279837311985,0.023377597876733835,95.94477998274374,selected
132,12689,2011-12-10,0.6532565918730653,1.0,0.31000000000000005,0.2,0.943531097154688,1247.61,1948.8111025593435,High Value,High,Potential Loyalists,2,Established Moderate-Value Customers,Automated nurture,Early-lifecycle or dormant one-time profile,1.0,0.01,1273.0736990623075,3.8192210971869223,2.8192210971869223,3.8192210971869223,0.002618334928911442,95.91601955708946,selected
133,12449,2011-12-10,0.44379210319903345,1.0,0.31000000000000005,0.2,0.9787688951787769,4835.89,3205.166788444788,High Value,High,Champions,1,High-Value Loyal Customers,Personalized offer,Default scalable retention treatment,10.0,0.03,1422.4277101476039,12.801849391328433,2.8018493913284335,1.2801849391328433,0.023434114152538807,95.88725913143514,selected
134,15330,2011-12-10,0.7229211201454109,1.0,0.31000000000000005,0.2,0.9269038676741173,714.96,1737.8136815817293,Medium Value,High,Potential Loyalists,2,Established Moderate-Value Customers,Automated nurture,Early-lifecycle or dormant one-time profile,1.0,0.01,1256.3022132930842,3.768906639879252,2.768906639879252,3.768906639879252,0.002653289390134742,95.85849870578085,selected
135,13174,2011-12-10,0.34557165228095155,1.0,0.31000000000000005,0.2,0.9885732469083067,9364.42,4093.3768234554004,High Value,High,Champions,1,High-Value Loyal Customers,Personalized offer,Default scalable retention treatment,10.0,0.03,1414.5549922900357,12.73099493061032,2.7309949306103203,1.273099493061032,0.023564536914446644,95.82973828012655,selected
136,14539,2011-12-10,0.5372236098580642,1.0,0.31000000000000005,0.2,0.9423952487066988,537.48,2313.6816616651126,Low Value,High,Potential Loyalists,2,Established Moderate-Value Customers,Automated nurture,Early-lifecycle or dormant one-time profile,1.0,0.01,1242.964414342136,3.7288932430264077,2.7288932430264077,3.7288932430264077,0.002681760873337285,95.80097785447225,selected
137,17584,2011-12-10,0.5589816577621429,1.0,0.31000000000000005,0.2,0.982579811293913,5309.42,2525.6862020255003,High Value,High,Champions,1,High-Value Loyal Customers,Personalized offer,Default scalable retention treatment,10.0,0.03,1411.8122601951848,12.70631034175666,2.7063103417566605,1.2706310341756661,0.023610315814033913,95.77221742881795,selected
138,14971,2011-12-10,0.5936688207010415,1.0,0.31000000000000005,0.2,0.9141474968648154,1097.98,2368.733014879496,Medium Value,High,Loyal Customers,2,Established Moderate-Value Customers,Personalized offer,Default scalable retention treatment,10.0,0.03,1406.242935499133,12.656186419492196,2.6561864194921956,1.2656186419492195,0.023703822783295955,95.74345700316364,selected
139,14349,2011-12-10,0.9073110797828451,1.0,0.31000000000000005,0.2,1.0,133.5,1339.4678712570496,Low Value,Core,New Customers,3,Dormant One-Time Customers,Automated nurture,Early-lifecycle or dormant one-time profile,1.0,0.01,1215.3140406046625,3.6459421218139876,2.6459421218139876,3.6459421218139876,0.0027427753008390163,95.71469657750936,selected
140,13596,2011-12-10,0.5340425898786013,1.0,0.31000000000000005,0.2,0.9494444380838946,664.11,2261.917701268644,Medium Value,High,Potential Loyalists,2,Established Moderate-Value Customers,Automated nurture,Early-lifecycle or dormant one-time profile,1.0,0.01,1207.960387277759,3.6238811618332774,2.6238811618332774,3.6238811618332774,0.0027594723870418315,95.68593615185505,selected
141,12700,2011-12-10,0.39816003050102033,1.0,0.31000000000000005,0.2,0.9734807761931868,4939.99,5506.613709739866,High Value,Strategic,Loyal Customers,1,High-Value Loyal Customers,High-touch value protection,Top 5% predictive revenue CLV,50.0,0.08,2192.5134826273616,52.62032358305668,2.620323583056681,1.0524064716611337,0.07601625622249057,95.65717572620075,selected
142,12794,2011-12-10,0.7006737954969658,1.0,0.31000000000000005,0.2,0.9151795442365885,860.41,1711.9150382939422,Medium Value,High,Potential Loyalists,2,Established Moderate-Value Customers,Automated nurture,Early-lifecycle or dormant one-time profile,1.0,0.01,1199.4940074497501,3.59848202234925,2.59848202234925,3.59848202234925,0.0027789495509196824,95.62841530054644,selected
143,14804,2011-12-10,0.8675649170413129,1.0,0.31000000000000005,0.2,1.0,353.27,1377.0033930420077,Low Value,Core,New Customers,3,Dormant One-Time Customers,Automated nurture,Early-lifecycle or dormant one-time profile,1.0,0.01,1194.6398344500958,3.583919503350287,2.583919503350287,3.583919503350287,0.002790241240254389,95.59965487489215,selected
144,13467,2011-12-10,0.6645721548917458,1.0,0.31000000000000005,0.2,0.9463584348822316,1071.9099999999999,1784.3310883124152,Medium Value,High,Potential Loyalists,2,Established Moderate-Value Customers,Automated nurture,Early-lifecycle or dormant one-time profile,1.0,0.01,1185.8167564001158,3.5574502692003476,2.5574502692003476,3.5574502692003476,0.0028110020501418915,95.57089444923785,selected
145,13040,2011-12-10,0.5444362837525107,1.0,0.31000000000000005,0.2,0.9480144428306612,676.99,2172.3405219633487,Medium Value,High,Potential Loyalists,2,Established Moderate-Value Customers,Automated nurture,Early-lifecycle or dormant one-time profile,1.0,0.01,1182.701000822715,3.548103002468145,2.548103002468145,3.548103002468145,0.00281840746817208,95.54213402358354,selected
146,16327,2011-12-10,0.2970474960142654,0.0,0.31000000000000005,0.2,0.9915407258613597,10695.24,4690.725230814542,High Value,High,Champions,1,High-Value Loyal Customers,Personalized offer,Default scalable retention treatment,10.0,0.03,1393.3681843043967,12.540313658739569,2.540313658739569,1.2540313658739568,0.023922846602080373,95.51337359792925,selected
147,17459,2011-12-10,0.739706812267819,1.0,0.31000000000000005,0.2,0.9104558873316982,657.3,1577.939334674656,Medium Value,Core,Potential Loyalists,2,Established Moderate-Value Customers,Automated nurture,Early-lifecycle or dormant one-time profile,1.0,0.01,1167.212475204193,3.5016374256125786,2.5016374256125786,3.5016374256125786,0.0028558068082250388,95.48461317227495,selected
148,12650,2011-12-10,0.7836754657308671,1.0,0.31000000000000005,0.2,1.0,314.44000000000005,1480.958076956648,Low Value,Core,New Customers,3,Dormant One-Time Customers,Automated nurture,Early-lifecycle or dormant one-time profile,1.0,0.01,1160.5905106868904,3.4817715320606712,2.4817715320606712,3.4817715320606712,0.00287210114389141,95.45585274662065,selected
149,16597,2011-12-10,0.7909827850715161,1.0,0.31000000000000005,0.2,1.0,90.04,1458.9046249326086,Low Value,Core,New Customers,3,Dormant One-Time Customers,Automated nurture,Early-lifecycle or dormant one-time profile,1.0,0.01,1153.9684433829104,3.4619053301487317,2.4619053301487317,3.4619053301487317,0.0028885827445692684,95.42709232096635,selected
150,18015,2011-12-10,0.7893267583372816,1.0,0.31000000000000005,0.2,1.0,120.03,1458.9046249326086,Low Value,Core,New Customers,3,Dormant One-Time Customers,Automated nurture,Early-lifecycle or dormant one-time profile,1.0,0.01,1151.5524583213237,3.454657374963971,2.454657374963971,3.454657374963971,0.0028946430614133745,95.39833189531205,selected
151,16528,2011-12-10,0.7631238117483843,1.0,0.31000000000000005,0.2,1.0,244.41,1480.958076956648,Low Value,Core,New Customers,3,Dormant One-Time Customers,Automated nurture,Early-lifecycle or dormant one-time profile,1.0,0.01,1130.1543727267142,3.390463118180143,2.390463118180143,3.390463118180143,0.0029494495741241326,95.36957146965776,selected
152,18184,2011-12-10,0.8875619543580611,1.0,0.31000000000000005,0.2,1.0,49.8,1254.152993795399,Low Value,Core,New Customers,3,Dormant One-Time Customers,Automated nurture,Early-lifecycle or dormant one-time profile,1.0,0.01,1113.1384822370576,3.3394154467111727,2.3394154467111727,3.3394154467111727,0.0029945360676367815,95.34081104400344,selected
153,15520,2011-12-10,0.7213463318656542,1.0,0.31000000000000005,0.2,1.0,343.5,1527.1721323081067,Low Value,Core,New Customers,3,Dormant One-Time Customers,Automated nurture,Early-lifecycle or dormant one-time profile,1.0,0.01,1101.6200157679023,3.304860047303707,2.304860047303707,3.304860047303707,0.0030258467399122,95.31205061834915,selected
154,15619,2011-12-10,0.8204946507627889,1.0,0.31000000000000005,0.2,1.0,336.40000000000003,1339.4678712570496,Low Value,Core,New Customers,3,Dormant One-Time Customers,Automated nurture,Early-lifecycle or dormant one-time profile,1.0,0.01,1099.0262232350292,3.2970786697050873,2.2970786697050873,3.2970786697050873,0.0030329879877857044,95.28329019269485,selected
155,12587,2011-12-10,0.7868595843824518,1.0,0.31000000000000005,0.2,1.0,144.0,1396.5873778880716,Low Value,Core,New Customers,3,Dormant One-Time Customers,Automated nurture,Early-lifecycle or dormant one-time profile,1.0,0.01,1098.9181637187862,3.2967544911563587,2.2967544911563587,3.2967544911563587,0.003033286229479719,95.25452976704055,selected
156,15321,2011-12-10,0.42252938358201414,1.0,0.31000000000000005,0.2,0.9725963561405866,6709.73,3233.431968617105,High Value,High,Loyal Customers,1,High-Value Loyal Customers,Personalized offer,Default scalable retention treatment,10.0,0.03,1366.220016554164,12.295980148987475,2.295980148987475,1.2295980148987475,0.024398217658533207,95.22576934138625,selected
157,13638,2011-12-10,0.8755811448299742,1.0,0.31000000000000005,0.2,1.0,122.64,1254.152993795399,Low Value,Core,New Customers,3,Dormant One-Time Customers,Automated nurture,Early-lifecycle or dormant one-time profile,1.0,0.01,1098.1127140993149,3.2943381422979443,2.2943381422979443,3.2943381422979443,0.003035511100577114,95.19700891573196,selected
158,14138,2011-12-10,0.6981184768632672,1.0,0.31000000000000005,0.2,0.9542882024984677,965.8800000000001,1570.5918076735106,Medium Value,Core,Potential Loyalists,2,Established Moderate-Value Customers,Automated nurture,Early-lifecycle or dormant one-time profile,1.0,0.01,1096.4591605469568,3.2893774816408703,2.2893774816408703,3.2893774816408703,0.0030400889091669733,95.16824849007766,selected
159,16811,2011-12-10,0.5971387984123511,1.0,0.31000000000000005,0.2,0.9509092343337039,547.0699999999999,1834.9917673783139,Low Value,High,Potential Loyalists,2,Established Moderate-Value Customers,Automated nurture,Early-lifecycle or dormant one-time profile,1.0,0.01,1095.7447790688427,3.287234337206528,2.287234337206528,3.287234337206528,0.0030420709247330206,95.13948806442335,selected
160,12518,2011-12-10,0.34241340690014366,1.0,0.31000000000000005,0.2,0.9803593279391949,2056.89,3984.8476911278703,High Value,High,Champions,1,High-Value Loyal Customers,Personalized offer,Default scalable retention treatment,10.0,0.03,1364.4652738972654,12.28018746507539,2.2801874650753895,1.228018746507539,0.02442959448731496,95.11072763876905,selected
161,14503,2011-12-10,0.28834573588290147,0.0,0.31000000000000005,0.2,0.9822631540820024,3543.26,4716.391373395536,High Value,High,Champions,1,High-Value Loyal Customers,Personalized offer,Default scalable retention treatment,10.0,0.03,1359.951341273504,12.239562071461537,2.2395620714615365,1.2239562071461536,0.024510680876360533,95.08196721311475,selected
162,13658,2011-12-10,0.5153590860413968,1.0,0.31000000000000005,0.2,0.9845280345767521,6025.5,2638.5749392512075,High Value,High,Champions,1,High-Value Loyal Customers,Personalized offer,Default scalable retention treatment,10.0,0.03,1359.8135691442365,12.238322122298127,2.2383221222981273,1.2238322122298126,0.024513164223174216,95.05320678746045,selected
163,14601,2011-12-10,0.8046157651003278,1.0,0.31000000000000005,0.2,1.0,213.96,1339.4678712570496,Low Value,Core,New Customers,3,Dormant One-Time Customers,Automated nurture,Early-lifecycle or dormant one-time profile,1.0,0.01,1077.7569660587985,3.2332708981763956,2.2332708981763956,3.2332708981763956,0.003092843227469781,95.02444636180616,selected
164,16352,2011-12-10,0.6308124870358088,1.0,0.31000000000000005,0.2,0.9389789378406235,494.44,1702.2066287095279,Low Value,High,Potential Loyalists,2,Established Moderate-Value Customers,Automated nurture,Early-lifecycle or dormant one-time profile,1.0,0.01,1073.773196905097,3.2213195907152907,2.2213195907152907,3.2213195907152907,0.0031043178791768096,94.99568593615186,selected
165,13436,2011-12-10,0.7029707951574277,1.0,0.31000000000000005,0.2,1.0,196.89,1527.1721323081067,Low Value,Core,New Customers,3,Dormant One-Time Customers,Automated nurture,Early-lifecycle or dormant one-time profile,1.0,0.01,1073.5574081908942,3.220672224572682,2.220672224572682,3.220672224572682,0.0031049418576976724,94.96692551049756,selected
166,15790,2011-12-10,0.7964472163897167,1.0,0.31000000000000005,0.2,1.0,218.75,1339.4678712570496,Low Value,Core,New Customers,3,Dormant One-Time Customers,Automated nurture,Early-lifecycle or dormant one-time profile,1.0,0.01,1066.8154575061367,3.20044637251841,2.20044637251841,3.20044637251841,0.0031245641501348037,94.93816508484325,selected
167,12502,2011-12-10,0.43443437140113406,1.0,0.31000000000000005,0.2,0.9259638201320071,3723.87,3113.2239624142235,High Value,High,Loyal Customers,2,Established Moderate-Value Customers,Personalized offer,Default scalable retention treatment,10.0,0.03,1352.491495142371,12.172423456281336,2.1724234562813365,1.2172423456281336,0.024645872785931625,94.90940465918895,selected
168,12660,2011-12-10,0.7971244095285288,1.0,0.31000000000000005,0.2,1.0,245.10000000000002,1321.471150162911,Low Value,Core,New Customers,3,Dormant One-Time Customers,Automated nurture,Early-lifecycle or dormant one-time profile,1.0,0.01,1053.3769102825963,3.160130730847789,2.160130730847789,3.160130730847789,0.003164426048069611,94.88064423353467,selected
169,12442,2011-12-10,0.7092329312112573,1.0,0.31000000000000005,0.2,1.0,172.06,1480.958076956648,Low Value,Core,New Customers,3,Dormant One-Time Customers,Automated nurture,Early-lifecycle or dormant one-time profile,1.0,0.01,1050.3442379209503,3.151032713762851,2.151032713762851,3.151032713762851,0.003173562735900116,94.85188380788036,selected
170,17385,2011-12-10,0.8248821787115331,1.0,0.31000000000000005,0.2,1.0,256.11,1270.3194018611978,Low Value,Core,New Customers,3,Dormant One-Time Customers,Automated nurture,Early-lifecycle or dormant one-time profile,1.0,0.01,1047.8638358667963,3.1435915076003886,2.1435915076003886,3.1435915076003886,0.003181074887059147,94.82312338222606,selected
171,13188,2011-12-10,0.7883922378483676,1.0,0.31000000000000005,0.2,1.0,114.60000000000001,1321.471150162911,Low Value,Core,New Customers,3,Dormant One-Time Customers,Automated nurture,Early-lifecycle or dormant one-time profile,1.0,0.01,1041.8375973289938,3.1255127919869814,2.1255127919869814,3.1255127919869814,0.0031994749871564927,94.79436295657176,selected
172,14918,2011-12-10,0.48424224988965797,1.0,0.31000000000000005,0.2,0.9490734140838947,5955.81,2781.4056515040834,High Value,High,Loyal Customers,2,Established Moderate-Value Customers,Personalized offer,Default scalable retention treatment,10.0,0.03,1346.8741305401472,12.121867174861325,2.1218671748613254,1.2121867174861325,0.02474866253460924,94.76560253091746,selected
173,12367,2011-12-10,0.7126704579162267,1.0,0.31000000000000005,0.2,1.0,168.9,1458.9046249326086,Low Value,Core,New Customers,3,Dormant One-Time Customers,Automated nurture,Early-lifecycle or dormant one-time profile,1.0,0.01,1039.7182271068232,3.1191546813204694,2.1191546813204694,3.1191546813204694,0.0032059968233978634,94.73684210526315,selected
174,17936,2011-12-10,0.7230788949402941,1.0,0.31000000000000005,0.2,1.0,380.13,1437.5110574742218,Low Value,Core,New Customers,3,Dormant One-Time Customers,Automated nurture,Early-lifecycle or dormant one-time profile,1.0,0.01,1039.433906902914,3.118301720708742,2.118301720708742,3.118301720708742,0.0032068737715756235,94.70808167960885,selected
175,17061,2011-12-10,0.3583106462210562,1.0,0.31000000000000005,0.2,0.8794576063948608,5232.2300000000005,3755.8973540604147,High Value,High,Loyal Customers,1,High-Value Loyal Customers,Personalized offer,Default scalable retention treatment,10.0,0.03,1345.7780080733423,12.112002072660081,2.112002072660081,1.2112002072660082,0.02476882006792069,94.67932125395457,selected
176,17942,2011-12-10,0.7423716350348958,1.0,0.31000000000000005,0.2,1.0,77.50000000000001,1396.5873778880716,Low Value,Core,New Customers,3,Dormant One-Time Customers,Automated nurture,Early-lifecycle or dormant one-time profile,1.0,0.01,1036.7868551918655,3.110360565575596,2.110360565575596,3.110360565575596,0.003215061337478545,94.65056082830026,selected
177,12618,2011-12-10,0.8885839117518658,1.0,0.31000000000000005,0.2,1.0,177.31,1165.3118795034147,Low Value,Core,Promising,3,Dormant One-Time Customers,Automated nurture,Early-lifecycle or dormant one-time profile,1.0,0.01,1035.4773883000632,3.10643216490019,2.10643216490019,3.10643216490019,0.00321912711083498,94.62180040264596,selected
178,16789,2011-12-10,0.7507468524777547,1.0,0.31000000000000005,0.2,1.0,80.8,1377.0033930420077,Low Value,Core,New Customers,3,Dormant One-Time Customers,Automated nurture,Early-lifecycle or dormant one-time profile,1.0,0.01,1033.780963177476,3.101342889532428,2.101342889532428,3.101342889532428,0.0032244096690345787,94.59303997699166,selected
179,13644,2011-12-10,0.31666487309300906,1.0,0.31000000000000005,0.2,0.965246802241718,2624.26,4243.088217219582,High Value,High,Loyal Customers,1,High-Value Loyal Customers,Personalized offer,Default scalable retention treatment,10.0,0.03,1343.6369918282808,12.092732926454525,2.0927329264545254,1.2092732926454526,0.024808287905185473,94.56427955133736,selected
180,14578,2011-12-10,0.6952335679221842,1.0,0.31000000000000005,0.2,1.0,168.63,1480.958076956648,Low Value,Core,New Customers,3,Dormant One-Time Customers,Automated nurture,Early-lifecycle or dormant one-time profile,1.0,0.01,1029.611767785747,3.0888353033572407,2.0888353033572407,3.0888353033572407,0.003237466234969228,94.53551912568307,selected
181,14930,2011-12-10,0.5405452519734946,1.0,0.31000000000000005,0.2,0.9564231677437419,5236.7300000000005,2482.0916891286306,High Value,High,Loyal Customers,1,High-Value Loyal Customers,Personalized offer,Default scalable retention treatment,10.0,0.03,1341.6828775213523,12.075145897692169,2.0751458976921686,1.2075145897692168,0.024844420311090125,94.50675870002875,selected
182,13844,2011-12-10,0.7742939916480174,1.0,0.31000000000000005,0.2,1.0,361.62,1321.471150162911,Low Value,Core,New Customers,3,Dormant One-Time Customers,Automated nurture,Early-lifecycle or dormant one-time profile,1.0,0.01,1023.207171707337,3.069621515122011,2.069621515122011,3.069621515122011,0.00325773061947102,94.47799827437447,selected
183,12957,2011-12-10,0.3718190975726728,1.0,0.31000000000000005,0.2,0.9895895668514171,8706.97,3602.5241029281756,High Value,High,Champions,1,High-Value Loyal Customers,Personalized offer,Default scalable retention treatment,10.0,0.03,1339.4872609345568,12.055385348411011,2.0553853484110114,1.2055385348411012,0.024885143969250408,94.44923784872016,selected
184,15821,2011-12-10,0.7130010553838134,1.0,0.31000000000000005,0.2,0.9093340938875514,570.96,1427.2516296767571,Low Value,Core,Potential Loyalists,2,Established Moderate-Value Customers,Automated nurture,Early-lifecycle or dormant one-time profile,1.0,0.01,1017.6319182577955,3.052895754773387,2.052895754773387,3.052895754773387,0.0032755785992248172,94.42047742306586,selected
185,13918,2011-12-10,0.6468310458031644,1.0,0.31000000000000005,0.2,0.9411691631507443,1212.8400000000001,1571.2198482888166,Medium Value,Core,Potential Loyalists,2,Established Moderate-Value Customers,Automated nurture,Early-lifecycle or dormant one-time profile,1.0,0.01,1016.3137776553446,3.048941332966034,2.048941332966034,3.048941332966034,0.0032798269654706422,94.39171699741155,selected
186,18249,2011-12-10,0.8224539690807756,1.0,0.31000000000000005,0.2,1.0,95.34,1223.0449274423302,Low Value,Core,New Customers,3,Dormant One-Time Customers,Automated nurture,Early-lifecycle or dormant one-time profile,1.0,0.01,1005.8981549390537,3.0176944648171613,2.0176944648171613,3.0176944648171613,0.003313788097697919,94.36295657175727,selected
187,17297,2011-12-10,0.8222417705678434,1.0,0.31000000000000005,0.2,1.0,128.18,1223.0449274423302,Low Value,Core,New Customers,3,Dormant One-Time Customers,Automated nurture,Early-lifecycle or dormant one-time profile,1.0,0.01,1005.6386266242012,3.0169158798726032,2.0169158798726032,3.0169158798726032,0.0033146432973869574,94.33419614610297,selected
188,12966,2011-12-10,0.7401578684130606,1.0,0.31000000000000005,0.2,1.0,160.18,1357.9713039404394,Low Value,Core,New Customers,3,Dormant One-Time Customers,Automated nurture,Early-lifecycle or dormant one-time profile,1.0,0.01,1005.1131456906601,3.0153394370719804,2.0153394370719804,3.0153394370719804,0.0033163762185627814,94.30543572044866,selected
189,13349,2011-12-10,0.7476588355534728,1.0,0.31000000000000005,0.2,1.0,247.32,1339.4678712570496,Low Value,Core,New Customers,3,Dormant One-Time Customers,Automated nurture,Early-lifecycle or dormant one-time profile,1.0,0.01,1001.4649888853347,3.004394966656004,2.004394966656004,3.004394966656004,0.0033284571805585026,94.27667529479436,selected
190,15783,2011-12-10,0.7465591728509431,1.0,0.31000000000000005,0.2,1.0,246.3,1339.4678712570496,Low Value,Core,New Customers,3,Dormant One-Time Customers,Automated nurture,Early-lifecycle or dormant one-time profile,1.0,0.01,999.9920260260765,2.9999760780782294,1.9999760780782294,2.9999760780782294,0.003333359913458361,94.24791486914006,selected
191,14641,2011-12-10,0.8579589169091405,1.0,0.31000000000000005,0.2,1.0,110.46,1165.3118795034147,Low Value,Core,Promising,3,Dormant One-Time Customers,Automated nurture,Early-lifecycle or dormant one-time profile,1.0,0.01,999.7897180001046,2.9993691540003136,1.9993691540003136,2.9993691540003136,0.003334034420759051,94.21915444348576,selected
192,17247,2011-12-10,0.7860745392597321,1.0,0.31000000000000005,0.2,1.0,280.09000000000003,1254.152993795399,Low Value,Core,New Customers,3,Dormant One-Time Customers,Automated nurture,Early-lifecycle or dormant one-time profile,1.0,0.01,985.857736758932,2.9575732102767955,1.9575732102767955,2.9575732102767955,0.0033811504530987116,94.19039401783147,selected
193,17650,2011-12-10,0.8445887761140034,1.0,0.31000000000000005,0.2,1.0,166.08,1165.3118795034147,Low Value,Core,Promising,3,Dormant One-Time Customers,Automated nurture,Early-lifecycle or dormant one-time profile,1.0,0.01,984.2093341008981,2.9526280023026943,1.9526280023026943,2.9526280023026943,0.0033868133717492362,94.16163359217717,selected
194,17153,2011-12-10,0.8737323089027627,1.0,0.31000000000000005,0.2,1.0,213.78,1125.5219375155368,Low Value,Core,Promising,3,Dormant One-Time Customers,Automated nurture,Early-lifecycle or dormant one-time profile,1.0,0.01,983.404881186161,2.950214643558483,1.9502146435584828,2.950214643558483,0.003389583880560712,94.13287316652287,selected
195,14300,2011-12-10,0.813037201928112,1.0,0.31000000000000005,0.2,1.0,43.2,1208.072432481051,Low Value,Core,New Customers,3,Dormant One-Time Customers,Automated nurture,Early-lifecycle or dormant one-time profile,1.0,0.01,982.2078302308818,2.946623490692645,1.946623490692645,2.946623490692645,0.003393714884710079,94.10411274086856,selected
196,16102,2011-12-10,0.5877156483015769,1.0,0.31000000000000005,0.2,0.9402240456216553,1842.14,2258.3492785312687,High Value,High,Loyal Customers,2,Established Moderate-Value Customers,Personalized offer,Default scalable retention treatment,10.0,0.03,1327.2672103234029,11.945404892910625,1.9454048929106253,1.1945404892910625,0.02511425964121521,94.07535231521426,selected
197,15980,2011-12-10,0.4698055208237441,1.0,0.31000000000000005,0.2,0.9583349306586476,6543.679999999999,2824.5311100404206,High Value,High,Loyal Customers,1,High-Value Loyal Customers,Personalized offer,Default scalable retention treatment,10.0,0.03,1326.980309235408,11.94282278311867,1.94282278311867,1.194282278311867,0.02511968949451831,94.04659188955996,selected
198,17144,2011-12-10,0.6591364328064769,1.0,0.31000000000000005,0.2,0.9543745268196899,984.5699999999999,1484.8035113485898,Medium Value,Core,Potential Loyalists,2,Established Moderate-Value Customers,Automated nurture,Early-lifecycle or dormant one-time profile,1.0,0.01,978.6880898888408,2.936064269666522,1.936064269666522,2.936064269666522,0.0034059199940932486,94.01783146390567,selected
199,15419,2011-12-10,0.8692351990736804,1.0,0.31000000000000005,0.2,1.0,135.85999999999999,1125.5219375155368,Low Value,Core,Promising,3,Dormant One-Time Customers,Automated nurture,Early-lifecycle or dormant one-time profile,1.0,0.01,978.3432854181121,2.9350298562543364,1.9350298562543364,2.9350298562543364,0.0034071203666602313,93.98907103825137,selected
200,18235,2011-12-10,0.6465782271115639,1.0,0.31000000000000005,0.2,0.9335104399998604,1796.48,2049.1350201035466,High Value,High,Loyal Customers,2,Established Moderate-Value Customers,Personalized offer,Default scalable retention treatment,10.0,0.03,1324.92608841077,11.92433479569693,1.9243347956969306,1.1924334795696931,0.02515863611178205,93.96031061259707,selected
201,14881,2011-12-10,0.8151591204470007,1.0,0.31000000000000005,0.2,1.0,255.4,1193.4683572570054,Low Value,Core,Promising,3,Dormant One-Time Customers,Automated nurture,Early-lifecycle or dormant one-time profile,1.0,0.01,972.8666163829473,2.918599849148842,1.9185998491488419,2.918599849148842,0.0034263004580488564,93.93155018694277,selected
202,13507,2011-12-10,0.5332432705996553,1.0,0.31000000000000005,0.2,0.9744998805784357,2479.16,2483.270939983401,High Value,High,Loyal Customers,1,High-Value Loyal Customers,Personalized offer,Default scalable retention treatment,10.0,0.03,1324.187517821829,11.91768766039646,1.91768766039646,1.191768766039646,0.025172668436086537,93.90278976128846,selected
203,15699,2011-12-10,0.7943705070440894,1.0,0.31000000000000005,0.2,1.0,309.65,1223.0449274423302,Low Value,Core,New Customers,3,Dormant One-Time Customers,Automated nurture,Early-lifecycle or dormant one-time profile,1.0,0.01,971.5508191500653,2.9146524574501957,1.9146524574501957,2.9146524574501957,0.0034309407883052474,93.87402933563416,selected
204,15318,2011-12-10,0.6544671699392727,1.0,0.31000000000000005,0.2,1.0,312.62,1480.958076956648,Low Value,Core,New Customers,3,Dormant One-Time Customers,Automated nurture,Early-lifecycle or dormant one-time profile,1.0,0.01,969.238441424525,2.907715324273575,1.9077153242735752,2.907715324273575,0.0034391262158713102,93.84526890997988,selected
205,13334,2011-12-10,0.48497117699650916,1.0,0.31000000000000005,0.2,0.9658475315006527,6201.8,2727.961183783,High Value,High,Loyal Customers,1,High-Value Loyal Customers,Personalized offer,Default scalable retention treatment,10.0,0.03,1322.9825461000319,11.906842914900286,1.9068429149002863,1.1906842914900286,0.025195595687634242,93.81650848432557,selected
206,15296,2011-12-10,0.29243943732153316,0.0,0.31000000000000005,0.2,0.9804472956990509,10323.03,4519.74692086707,High Value,High,Champions,1,High-Value Loyal Customers,Personalized offer,Default scalable retention treatment,10.0,0.03,1321.752246374098,11.89577021736688,1.8957702173668807,1.1895770217366881,0.02521904799085845,93.78774805867127,selected
207,17914,2011-12-10,0.6517676983715397,1.0,0.31000000000000005,0.2,1.0,329.36,1480.958076956648,Low Value,Core,New Customers,3,Dormant One-Time Customers,Automated nurture,Early-lifecycle or dormant one-time profile,1.0,0.01,965.240637202776,2.895721911608328,1.895721911608328,2.895721911608328,0.0034533702839047303,93.75898763301697,selected
208,12380,2011-12-10,0.3794071400948564,1.0,0.31000000000000005,0.2,0.9843200340493298,9676.3,3483.3587079547747,High Value,High,Champions,1,High-Value Loyal Customers,Personalized offer,Default scalable retention treatment,10.0,0.03,1321.611165309635,11.894500487786715,1.8945004877867149,1.1894500487786714,0.025221740106534135,93.73022720736267,selected
209,13448,2011-12-10,0.3396658495068634,1.0,0.31000000000000005,0.2,0.9885670074954125,9189.89,3888.7564956216665,High Value,High,Champions,1,High-Value Loyal Customers,Personalized offer,Default scalable retention treatment,10.0,0.03,1320.8777786106666,11.887900007495999,1.8879000074959986,1.1887900007496,0.02523574389175825,93.70146678170836,selected
210,12795,2011-12-10,0.7962041974658278,1.0,0.31000000000000005,0.2,1.0,430.48,1208.072432481051,Low Value,Core,New Customers,3,Dormant One-Time Customers,Automated nurture,Early-lifecycle or dormant one-time profile,1.0,0.01,961.8723415841657,2.8856170247524973,1.8856170247524973,2.8856170247524973,0.0034654633356474987,93.67270635605406,selected
211,13322,2011-12-10,0.7852399427292316,1.0,0.31000000000000005,0.2,1.0,199.48000000000002,1223.0449274423302,Low Value,Core,New Customers,3,Dormant One-Time Customers,Automated nurture,Early-lifecycle or dormant one-time profile,1.0,0.01,960.3837287800925,2.8811511863402774,1.8811511863402774,2.8811511863402774,0.0034708348688575045,93.64394593039978,selected
212,14362,2011-12-10,0.8323078841146598,1.0,0.31000000000000005,0.2,1.0,151.5,1151.7342972722768,Low Value,Core,Promising,3,Dormant One-Time Customers,Automated nurture,Early-lifecycle or dormant one-time profile,1.0,0.01,958.5975360249734,2.87579260807492,1.8757926080749199,2.87579260807492,0.0034773022129346402,93.61518550474547,selected
213,14862,2011-12-10,0.708791443568836,1.0,0.31000000000000005,0.2,0.9448767894160666,841.2,1342.9438167625149,Medium Value,Core,Potential Loyalists,2,Established Moderate-Value Customers,Automated nurture,Early-lifecycle or dormant one-time profile,1.0,0.01,951.8670865149454,2.8556012595448363,1.8556012595448363,2.8556012595448363,0.00350188947654195,93.58642507909117,selected
214,13560,2011-12-10,0.6796576367234829,1.0,0.31000000000000005,0.2,1.0,171.42000000000002,1396.5873778880716,Low Value,Core,New Customers,3,Dormant One-Time Customers,Automated nurture,Early-lifecycle or dormant one-time profile,1.0,0.01,949.2012767332525,2.8476038301997577,1.8476038301997577,2.8476038301997577,0.0035117244519573872,93.55766465343687,selected
215,13828,2011-12-10,0.8239478387831353,1.0,0.31000000000000005,0.2,1.0,209.49,1151.7342972722768,Low Value,Core,Promising,3,Dormant One-Time Customers,Automated nurture,Early-lifecycle or dormant one-time profile,1.0,0.01,948.9689850899055,2.8469069552697164,1.8469069552697164,2.8469069552697164,0.0035125840630266044,93.52890422778258,selected
216,15463,2011-12-10,0.8899189027344729,1.0,0.31000000000000005,0.2,1.0,126.14,1065.005262370533,Low Value,Core,Promising,3,Dormant One-Time Customers,Automated nurture,Early-lifecycle or dormant one-time profile,1.0,0.01,947.7683144952242,2.843304943485673,1.843304943485673,2.843304943485673,0.0035170339442173134,93.50014380212826,selected
217,17896,2011-12-10,0.8324410787014481,1.0,0.31000000000000005,0.2,1.0,256.32,1138.4746982715396,Low Value,Core,Promising,3,Dormant One-Time Customers,Automated nurture,Early-lifecycle or dormant one-time profile,1.0,0.01,947.7131059034662,2.8431393177103983,1.8431393177103983,2.8431393177103983,0.0035172388274145763,93.47138337647397,selected
218,14666,2011-12-10,0.842008602248218,1.0,0.31000000000000005,0.2,1.0,195.25,1125.5219375155368,Low Value,Core,Promising,3,Dormant One-Time Customers,Automated nurture,Early-lifecycle or dormant one-time profile,1.0,0.01,947.6991534071634,2.8430974602214905,1.8430974602214905,2.8430974602214905,0.003517290609946574,93.44262295081968,selected
219,18209,2011-12-10,0.8773875890800796,1.0,0.31000000000000005,0.2,1.0,139.10000000000002,1076.5738869747793,Low Value,Core,Promising,3,Dormant One-Time Customers,Automated nurture,Early-lifecycle or dormant one-time profile,1.0,0.01,944.5725671593717,2.833717701478115,1.8337177014781152,2.833717701478115,0.0035289330319614514,93.41386252516537,selected
220,12478,2011-12-10,0.6338690544753682,1.0,0.31000000000000005,0.2,1.0,680.99,1480.958076956648,Medium Value,Core,New Customers,3,Dormant One-Time Customers,Automated nurture,Early-lifecycle or dormant one-time profile,1.0,0.01,938.7334959581701,2.8162004878745104,1.8162004878745104,2.8162004878745104,0.003550883555008318,93.38510209951107,selected
221,13170,2011-12-10,0.8518810633313519,1.0,0.31000000000000005,0.2,1.0,108.81,1100.4949098386946,Low Value,Core,Promising,3,Dormant One-Time Customers,Automated nurture,Early-lifecycle or dormant one-time profile,1.0,0.01,937.4907739841275,2.812472321952382,1.8124723219523822,2.812472321952382,0.003555590546419361,93.35634167385678,selected
222,12782,2011-12-10,0.46751272149144135,1.0,0.31000000000000005,0.2,0.9900772712943757,4618.24,2807.256610714176,High Value,High,Champions,1,High-Value Loyal Customers,Personalized offer,Default scalable retention treatment,10.0,0.03,1312.4281779998241,11.811853601998417,1.8118536019984166,1.1811853601998417,0.025398215225868003,93.32758124820248,selected
223,14424,2011-12-10,0.7643760879167623,1.0,0.31000000000000005,0.2,1.0,322.08,1223.0449274423302,Low Value,Core,New Customers,3,Dormant One-Time Customers,Automated nurture,Early-lifecycle or dormant one-time profile,1.0,0.01,934.8662969848086,2.804598890954426,1.8045988909544262,2.804598890954426,0.003565572257855713,93.29882082254818,selected
224,15148,2011-12-10,0.6969929384296037,1.0,0.31000000000000005,0.2,1.0,301.29,1339.4678712570496,Low Value,Core,New Customers,3,Dormant One-Time Customers,Automated nurture,Early-lifecycle or dormant one-time profile,1.0,0.01,933.5996475194972,2.8007989425584916,1.8007989425584916,2.8007989425584916,0.0035704098027347637,93.27006039689387,selected
225,16837,2011-12-10,0.3579734132588319,1.0,0.31000000000000005,0.2,0.97212657867317,3170.98,3662.400236658314,High Value,High,Champions,1,High-Value Loyal Customers,Personalized offer,Default scalable retention treatment,10.0,0.03,1311.0419134365304,11.799377220928774,1.7993772209287737,1.1799377220928773,0.025425070695077403,93.24129997123958,selected
226,16479,2011-12-10,0.6964179374648638,1.0,0.31000000000000005,0.2,1.0,300.83000000000004,1339.4678712570496,Low Value,Core,Potential Loyalists,3,Dormant One-Time Customers,Automated nurture,Early-lifecycle or dormant one-time profile,1.0,0.01,932.8294522012862,2.7984883566038588,1.7984883566038588,2.7984883566038588,0.0035733577295049487,93.21253954558527,selected
227,15904,2011-12-10,0.6767250554011028,1.0,0.31000000000000005,0.2,1.0,164.68,1377.0033930420077,Low Value,Core,New Customers,3,Dormant One-Time Customers,Automated nurture,Early-lifecycle or dormant one-time profile,1.0,0.01,931.8526974438593,2.7955580923315777,1.7955580923315777,2.7955580923315777,0.0035771032723057117,93.18377911993097,selected
228,13938,2011-12-10,0.9308752836666778,1.0,0.31000000000000005,0.2,1.0,71.66,1000.5696149715981,Low Value,Core,Promising,3,Dormant One-Time Customers,Automated nurture,Early-lifecycle or dormant one-time profile,1.0,0.01,931.405524164945,2.794216572494835,1.7942165724948351,2.794216572494835,0.003578820660658896,93.15501869427666,selected
229,14946,2011-12-10,0.7320411969698036,1.0,0.31000000000000005,0.2,1.0,100.9,1270.3194018611978,Low Value,Core,New Customers,3,Dormant One-Time Customers,Automated nurture,Early-lifecycle or dormant one-time profile,1.0,0.01,929.9261354724362,2.7897784064173083,1.7897784064173083,2.7897784064173083,0.00358451408792794,93.12625826862238,selected
230,15883,2011-12-10,0.5699354291118206,1.0,0.31000000000000005,0.2,0.9532983034945817,396.48,1630.5057411362059,Low Value,Core,Potential Loyalists,2,Established Moderate-Value Customers,Automated nurture,Early-lifecycle or dormant one-time profile,1.0,0.01,929.2829892437505,2.787848967731252,1.787848967731252,2.787848967731252,0.0035869948895179892,93.09749784296808,selected
231,13926,2011-12-10,0.8161209785640348,1.0,0.31000000000000005,0.2,1.0,223.85000000000002,1138.4746982715396,Low Value,Core,Promising,3,Dormant One-Time Customers,Automated nurture,Early-lifecycle or dormant one-time profile,1.0,0.01,929.1330848237632,2.7873992544712896,1.7873992544712896,2.7873992544712896,0.0035875736078923464,93.06873741731377,selected
232,15567,2011-12-10,0.7690361607712005,1.0,0.31000000000000005,0.2,1.0,186.01,1208.072432481051,Low Value,Core,New Customers,3,Dormant One-Time Customers,Automated nurture,Early-lifecycle or dormant one-time profile,1.0,0.01,929.0513854087528,2.7871541562262583,1.7871541562262583,2.7871541562262583,0.003587889093848963,93.03997699165947,selected
233,15103,2011-12-10,0.61806940565438,1.0,0.31000000000000005,0.2,0.9345468335410809,703.36,1501.888709930741,Medium Value,Core,Potential Loyalists,2,Established Moderate-Value Customers,Automated nurture,Early-lifecycle or dormant one-time profile,1.0,0.01,928.2714623059165,2.7848143869177497,1.7848143869177497,2.7848143869177497,0.0035909035973733477,93.01121656600517,selected
234,13017,2011-12-10,0.663138746049226,1.0,0.31000000000000005,0.2,1.0,204.0,1396.5873778880716,Low Value,Core,New Customers,3,Dormant One-Time Customers,Automated nurture,Early-lifecycle or dormant one-time profile,1.0,0.01,926.1312025208723,2.7783936075626166,1.7783936075626166,2.7783936075626166,0.0035992020615007946,92.98245614035088,selected
235,17911,2011-12-10,0.6815195382411363,1.0,0.31000000000000005,0.2,1.0,366.23,1357.9713039404394,Low Value,Core,New Customers,3,Dormant One-Time Customers,Automated nurture,Early-lifecycle or dormant one-time profile,1.0,0.01,925.483976006202,2.776451928018606,1.7764519280186062,2.776451928018606,0.003601719121834904,92.95369571469658,selected
236,14174,2011-12-10,0.9049339247205741,1.0,0.31000000000000005,0.2,1.0,134.46,1021.1503260007456,Low Value,Core,Promising,3,Dormant One-Time Customers,Automated nurture,Early-lifecycle or dormant one-time profile,1.0,0.01,924.0735722375484,2.772220716712645,1.7722207167126451,2.772220716712645,0.003607216387827229,92.92493528904228,selected
237,15692,2011-12-10,0.857829848891721,1.0,0.31000000000000005,0.2,1.0,191.04,1076.5738869747793,Low Value,Core,Promising,3,Dormant One-Time Customers,Automated nurture,Early-lifecycle or dormant one-time profile,1.0,0.01,923.5172147843476,2.7705516443530427,1.7705516443530427,2.7705516443530427,0.003609389494825721,92.89617486338798,selected
238,17600,2011-12-10,0.7527163238609687,1.0,0.31000000000000005,0.2,1.0,161.67000000000002,1223.0449274423302,Low Value,Core,New Customers,3,Dormant One-Time Customers,Automated nurture,Early-lifecycle or dormant one-time profile,1.0,0.01,920.6058817011959,2.7618176451035876,1.7618176451035876,2.7618176451035876,0.0036208038636182036,92.86741443773367,selected
239,14664,2011-12-10,0.5814456716647107,1.0,0.31000000000000005,0.2,0.9354806985263638,636.24,1582.6478095339426,Medium Value,Core,Potential Loyalists,2,Established Moderate-Value Customers,Automated nurture,Early-lifecycle or dormant one-time profile,1.0,0.01,920.2237186231464,2.760671155869439,1.760671155869439,2.760671155869439,0.0036223075605144378,92.83865401207937,selected
240,14863,2011-12-10,0.8614924003902549,1.0,0.31000000000000005,0.2,1.0,266.76,1065.005262370533,Low Value,Core,Promising,3,Dormant One-Time Customers,Automated nurture,Early-lifecycle or dormant one-time profile,1.0,0.01,917.4939399078437,2.7524818197235312,1.7524818197235312,2.7524818197235312,0.003633084850313175,92.80989358642508,selected
241,16295,2011-12-10,0.4067991959073738,1.0,0.31000000000000005,0.2,0.9683578151597153,1328.55,3208.2761352780703,High Value,High,Loyal Customers,2,Established Moderate-Value Customers,Personalized offer,Default scalable retention treatment,10.0,0.03,1305.1241520799358,11.746117368719423,1.746117368719423,1.1746117368719422,0.02554035436415075,92.78113316077078,selected
242,17885,2011-12-10,0.7016681522662513,1.0,0.31000000000000005,0.2,1.0,156.34,1303.9604010809485,Low Value,Core,New Customers,3,Dormant One-Time Customers,Automated nurture,Early-lifecycle or dormant one-time profile,1.0,0.01,914.9474852548292,2.7448424557644877,1.7448424557644877,2.7448424557644877,0.0036431963441103297,92.75237273511648,selected
243,14175,2011-12-10,0.35115516850546624,1.0,0.31000000000000005,0.2,0.9753639756647453,7678.88,3714.2847016599176,High Value,High,Loyal Customers,1,High-Value Loyal Customers,Personalized offer,Default scalable retention treatment,10.0,0.03,1304.2902702886638,11.738612432597973,1.7386124325979733,1.1738612432597972,0.025556683272624618,92.72361230946218,selected
244,12702,2011-12-10,0.7623629729828619,1.0,0.31000000000000005,0.2,1.0,219.0,1193.4683572570054,Low Value,Core,Promising,3,Dormant One-Time Customers,Automated nurture,Early-lifecycle or dormant one-time profile,1.0,0.01,909.856084999423,2.729568254998269,1.7295682549982692,2.729568254998269,0.0036635830526268857,92.69485188380789,selected
245,12432,2011-12-10,0.42000456941787107,1.0,0.31000000000000005,0.2,0.9476918816582663,5059.32,3102.549493405454,High Value,High,Champions,2,Established Moderate-Value Customers,Personalized offer,Default scalable retention treatment,10.0,0.03,1303.0849640753918,11.727764676678524,1.7277646766785235,1.1727764676678523,0.025580322275443577,92.66609145815357,selected
246,13015,2011-12-10,0.3965264365518801,1.0,0.31000000000000005,0.2,0.9772385346932025,6579.78,3285.5137859056667,High Value,High,Champions,1,High-Value Loyal Customers,Personalized offer,Default scalable retention treatment,10.0,0.03,1302.7930737672507,11.725137663905254,1.7251376639052545,1.1725137663905254,0.02558605353722388,92.63733103249928,selected
247,17723,2011-12-10,0.5084560620335741,1.0,0.31000000000000005,0.2,0.8741972196996562,3378.4000000000005,2561.0038163503946,High Value,High,Loyal Customers,2,Established Moderate-Value Customers,Personalized offer,Default scalable retention treatment,10.0,0.03,1302.1579153144762,11.719421237830284,1.719421237830284,1.1719421237830283,0.025598533742570848,92.60857060684499,selected
248,18178,2011-12-10,0.47296952479942084,1.0,0.31000000000000005,0.2,0.9301329583702724,6103.740000000001,2752.252307637007,High Value,High,Loyal Customers,1,High-Value Loyal Customers,Personalized offer,Default scalable retention treatment,10.0,0.03,1301.7314660711847,11.715583194640661,1.7155831946406614,1.1715583194640662,0.025606919861849993,92.57981018119068,selected
249,15435,2011-12-10,0.7857194479925622,1.0,0.31000000000000005,0.2,1.0,149.29,1151.7342972722768,Low Value,Core,Promising,3,Dormant One-Time Customers,Automated nurture,Early-lifecycle or dormant one-time profile,1.0,0.01,904.9400362868748,2.7148201088606245,1.7148201088606245,2.7148201088606245,0.003683485313580086,92.55104975553638,selected
250,14789,2011-12-10,0.8394889353786866,1.0,0.31000000000000005,0.2,1.0,197.64,1076.5738869747793,Low Value,Core,Promising,3,Dormant One-Time Customers,Automated nurture,Early-lifecycle or dormant one-time profile,1.0,0.01,903.771866232952,2.711315598698856,1.7113155986988562,2.711315598698856,0.00368824640141448,92.52228932988208,selected
251,12938,2011-12-10,0.8109750609540312,1.0,0.31000000000000005,0.2,1.0,114.14,1112.8653877946042,Low Value,Core,Promising,3,Dormant One-Time Customers,Automated nurture,Early-lifecycle or dormant one-time profile,1.0,0.01,902.5060757003606,2.707518227101082,1.7075182271010818,2.707518227101082,0.003693419272270946,92.49352890422779,selected
252,13332,2011-12-10,0.7102768509837216,1.0,0.31000000000000005,0.2,1.0,350.9,1270.3194018611978,Low Value,Core,New Customers,3,Dormant One-Time Customers,Automated nurture,Early-lifecycle or dormant one-time profile,1.0,0.01,902.2784644974963,2.706835393492489,1.7068353934924891,2.706835393492489,0.0036943509841939524,92.46476847857348,selected
253,15657,2011-12-10,0.7789005358077842,1.0,0.31000000000000005,0.2,1.0,30.0,1151.7342972722768,Low Value,Core,Promising,3,Dormant One-Time Customers,Automated nurture,Early-lifecycle or dormant one-time profile,1.0,0.01,897.0864612535781,2.6912593837607344,1.6912593837607344,2.6912593837607344,0.0037157325155430087,92.43600805291918,selected
254,16482,2011-12-10,0.7152705216996142,1.0,0.31000000000000005,0.2,1.0,220.62,1254.152993795399,Low Value,Core,New Customers,3,Dormant One-Time Customers,Automated nurture,Early-lifecycle or dormant one-time profile,1.0,0.01,897.0586661631681,2.6911759984895043,1.6911759984895043,2.6911759984895043,0.003715847646386848,92.4072476272649,selected
255,17538,2011-12-10,0.8004310052201222,1.0,0.31000000000000005,0.2,1.0,98.42,1112.8653877946042,Low Value,Core,Promising,3,Dormant One-Time Customers,Automated nurture,Early-lifecycle or dormant one-time profile,1.0,0.01,890.7719610271162,2.6723158830813483,1.6723158830813483,2.6723158830813483,0.0037420725833015554,92.37848720161058,selected
256,15228,2011-12-10,0.41363451824456887,1.0,0.31000000000000005,0.2,0.966963886156253,5580.2699999999995,3135.0655559246243,High Value,High,Loyal Customers,1,High-Value Loyal Customers,Personalized offer,Default scalable retention treatment,10.0,0.03,1296.7713308900234,11.670941978010209,1.6709419780102088,1.167094197801021,0.025704866030972016,92.34972677595628,selected
257,15017,2011-12-10,0.8708813593132623,1.0,0.31000000000000005,0.2,1.0,125.58,1021.1503260007456,Low Value,Core,Promising,3,Dormant One-Time Customers,Automated nurture,Early-lifecycle or dormant one-time profile,1.0,0.01,889.3007839707102,2.6679023519121308,1.6679023519121308,2.6679023519121308,0.0037482631224612967,92.32096635030199,selected
258,13449,2011-12-10,0.7796652566180775,1.0,0.31000000000000005,0.2,1.0,291.88,1138.4746982715396,Low Value,Core,Promising,3,Dormant One-Time Customers,Automated nurture,Early-lifecycle or dormant one-time profile,1.0,0.01,887.6291677810683,2.6628875033432045,1.6628875033432045,2.6628875033432045,0.003755321990675607,92.29220592464769,selected
259,13142,2011-12-10,0.7435322078085608,1.0,0.31000000000000005,0.2,1.0,307.09,1193.4683572570054,Low Value,Core,New Customers,3,Dormant One-Time Customers,Automated nurture,Early-lifecycle or dormant one-time profile,1.0,0.01,887.3821626209574,2.6621464878628722,1.6621464878628722,2.6621464878628722,0.003756367294433837,92.26344549899339,selected
260,12659,2011-12-10,0.8328857209381828,1.0,0.31000000000000005,0.2,1.0,91.68,1065.005262370533,Low Value,Core,Promising,3,Dormant One-Time Customers,Automated nurture,Early-lifecycle or dormant one-time profile,1.0,0.01,887.0276757524399,2.6610830272573196,1.6610830272573196,2.6610830272573196,0.003757868468428297,92.23468507333908,selected
261,15526,2011-12-10,0.865593298699562,1.0,0.31000000000000005,0.2,1.0,148.44,1021.1503260007456,Low Value,Core,Potential Loyalists,3,Dormant One-Time Customers,Automated nurture,Early-lifecycle or dormant one-time profile,1.0,0.01,883.9008791511186,2.651702637453356,1.651702637453356,2.651702637453356,0.0037711619164069654,92.2059246476848,selected
262,12603,2011-12-10,0.7550872053717387,1.0,0.31000000000000005,0.2,1.0,739.1999999999999,1165.3118795034147,Medium Value,Core,Promising,3,Dormant One-Time Customers,Automated nurture,Early-lifecycle or dormant one-time profile,1.0,0.01,879.9120904807218,2.6397362714421653,1.6397362714421653,2.6397362714421653,0.003788257224096371,92.17716422203048,selected
263,12532,2011-12-10,0.8348442354230394,1.0,0.31000000000000005,0.2,1.0,349.83000000000004,1053.6865033946588,Low Value,Core,Promising,3,Dormant One-Time Customers,Automated nurture,Early-lifecycle or dormant one-time profile,1.0,0.01,879.6641033020898,2.638992309906269,1.638992309906269,2.638992309906269,0.0037893251763038206,92.14840379637619,selected
264,13146,2011-12-10,0.7973901439491247,1.0,0.31000000000000005,0.2,1.0,228.91,1100.4949098386946,Low Value,Core,Promising,3,Dormant One-Time Customers,Automated nurture,Early-lifecycle or dormant one-time profile,1.0,0.01,877.5237945715556,2.6325713837146667,1.6325713837146667,2.6325713837146667,0.0037985674621630154,92.11964337072189,selected
265,17831,2011-12-10,0.8530772718814751,1.0,0.31000000000000005,0.2,1.0,35.400000000000006,1021.1503260007456,Low Value,Core,Promising,3,Dormant One-Time Customers,Automated nurture,Early-lifecycle or dormant one-time profile,1.0,0.01,871.120134285595,2.613360402856785,1.613360402856785,2.613360402856785,0.0038264909765482547,92.09088294506759,selected
266,13790,2011-12-10,0.5968301744346787,1.0,0.31000000000000005,0.2,1.0,348.8,1458.9046249326086,Low Value,Core,New Customers,3,Dormant One-Time Customers,Automated nurture,Early-lifecycle or dormant one-time profile,1.0,0.01,870.7183017820882,2.612154905346265,1.612154905346265,2.612154905346265,0.003828256884587176,92.0621225194133,selected
267,13603,2011-12-10,0.7904800672707513,1.0,0.31000000000000005,0.2,1.0,164.34,1100.4949098386946,Low Value,Core,Promising,3,Dormant One-Time Customers,Automated nurture,Early-lifecycle or dormant one-time profile,1.0,0.01,869.9192903604106,2.609757871081232,1.6097578710812321,2.609757871081232,0.003831773096964342,92.03336209375898,selected
268,16800,2011-12-10,0.6578676051047448,1.0,0.31000000000000005,0.2,1.0,1162.65,1321.471150162911,Medium Value,Core,New Customers,2,Established Moderate-Value Customers,Automated nurture,Early-lifecycle or dormant one-time profile,1.0,0.01,869.353060772687,2.6080591823180606,1.6080591823180606,2.6080591823180606,0.003834268818666888,92.0046016681047,selected
269,17253,2011-12-10,0.7188602147923924,1.0,0.31000000000000005,0.2,1.0,178.26,1208.072432481051,Low Value,Core,New Customers,3,Dormant One-Time Customers,Automated nurture,Early-lifecycle or dormant one-time profile,1.0,0.01,868.4352082980963,2.6053056248942887,1.6053056248942887,2.6053056248942887,0.0038383212719643035,91.97584124245039,selected
270,12581,2011-12-10,0.9023879855812427,1.0,0.31000000000000005,0.2,1.0,197.71,961.8346620978874,Low Value,Core,Promising,3,Dormant One-Time Customers,Automated nurture,Early-lifecycle or dormant one-time profile,1.0,0.01,867.9480431927278,2.6038441295781833,1.6038441295781833,2.6038441295781833,0.003840475659201604,91.94708081679609,selected
271,15065,2011-12-10,0.49175776766963486,1.0,0.31000000000000005,0.2,0.9715118511217782,3326.86,2621.460872721045,High Value,High,Champions,1,High-Value Loyal Customers,Personalized offer,Default scalable retention treatment,10.0,0.03,1289.1237468025938,11.602113721223343,1.6021137212233434,1.1602113721223344,0.02585735730647256,91.91832039114178,selected
272,15556,2011-12-10,0.7693888419663177,1.0,0.31000000000000005,0.2,1.0,279.77,1125.5219375155368,Low Value,Core,Promising,3,Dormant One-Time Customers,Automated nurture,Early-lifecycle or dormant one-time profile,1.0,0.01,865.9640201127651,2.597892060338295,1.5978920603382951,2.597892060338295,0.0038492746302545805,91.88955996548749,selected
273,16207,2011-12-10,0.7699460472188294,1.0,0.31000000000000005,0.2,1.0,394.38,1112.8653877946042,Low Value,Core,Promising,3,Dormant One-Time Customers,Automated nurture,Early-lifecycle or dormant one-time profile,1.0,0.01,856.8463064191052,2.5705389192573156,1.5705389192573156,2.5705389192573156,0.0038902348161642375,91.8607995398332,selected
274,14703,2011-12-10,0.6717605947875798,1.0,0.31000000000000005,0.2,1.0,318.17,1270.3194018611978,Low Value,Core,New Customers,3,Dormant One-Time Customers,Automated nurture,Early-lifecycle or dormant one-time profile,1.0,0.01,853.3505169644808,2.5600515508934425,1.5600515508934425,2.5600515508934425,0.0039061713411630565,91.83203911417888,selected
275,15758,2011-12-10,0.7581520940643576,1.0,0.31000000000000005,0.2,1.0,205.25,1125.5219375155368,Low Value,Core,Promising,3,Dormant One-Time Customers,Automated nurture,Early-lifecycle or dormant one-time profile,1.0,0.01,853.3168138427773,2.5599504415283314,1.5599504415283314,2.5599504415283314,0.003906325621690488,91.80327868852459,selected
276,13532,2011-12-10,0.8341084978091078,1.0,0.31000000000000005,0.2,1.0,210.31,1021.1503260007456,Low Value,Core,Promising,3,Dormant One-Time Customers,Automated nurture,Early-lifecycle or dormant one-time profile,1.0,0.01,851.7501644577626,2.5552504933732876,1.5552504933732876,2.5552504933732876,0.003913510642472708,91.77451826287029,selected
277,17146,2011-12-10,0.5458739716361306,1.0,0.31000000000000005,0.2,0.9473783698999145,5852.64,2350.055296630062,High Value,High,Loyal Customers,1,High-Value Loyal Customers,Personalized offer,Default scalable retention treatment,10.0,0.03,1282.834018335977,11.545506165023792,1.5455061650237916,1.1545506165023791,0.025984135793788457,91.74575783721599,selected
278,15782,2011-12-10,0.593672991834968,1.0,0.31000000000000005,0.2,0.9741570604537465,4014.1,2160.775952296171,High Value,High,Loyal Customers,1,High-Value Loyal Customers,Personalized offer,Default scalable retention treatment,10.0,0.03,1282.79432428472,11.54514891856248,1.5451489185624805,1.154514891856248,0.02598493983197177,91.71699741156169,selected
279,18216,2011-12-10,0.8135073140288535,1.0,0.31000000000000005,0.2,1.0,481.75,1042.609529131457,Low Value,Core,Promising,3,Dormant One-Time Customers,Automated nurture,Early-lifecycle or dormant one-time profile,1.0,0.01,848.1704776246193,2.544511432873858,1.544511432873858,2.544511432873858,0.003930027537233606,91.6882369859074,selected
280,12349,2011-12-10,0.6138789186389196,1.0,0.31000000000000005,0.2,0.9732638194624106,4428.69,2088.597803664211,High Value,High,Loyal Customers,1,High-Value Loyal Customers,Personalized offer,Default scalable retention treatment,10.0,0.03,1282.1461611850084,11.539315450665073,1.5393154506650735,1.1539315450665073,0.02599807599355552,91.6594765602531,selected
281,17357,2011-12-10,0.7508346347440901,1.0,0.31000000000000005,0.2,1.0,384.39,1125.5219375155368,Low Value,Core,Potential Loyalists,3,Dormant One-Time Customers,Automated nurture,Early-lifecycle or dormant one-time profile,1.0,0.01,845.0808528509386,2.5352425585528158,1.5352425585528158,2.5352425585528158,0.003944395760580899,91.63071613459879,selected
282,17985,2011-12-10,0.7333897733173482,1.0,0.31000000000000005,0.2,1.0,631.35,1151.7342972722768,Medium Value,Core,Promising,3,Dormant One-Time Customers,Automated nurture,Early-lifecycle or dormant one-time profile,1.0,0.01,844.6701551983305,2.5340104655949913,1.5340104655949913,2.5340104655949913,0.003946313614632992,91.60195570894449,selected
283,15379,2011-12-10,0.5886090338924571,1.0,0.31000000000000005,0.2,0.7026831237146652,4877.84,2176.629401139051,High Value,High,Loyal Customers,1,High-Value Loyal Customers,Personalized offer,Default scalable retention treatment,10.0,0.03,1281.1837289463742,11.530653560517367,1.5306535605173668,1.1530653560517368,0.026017605890722755,91.57319528329019,selected
284,14357,2011-12-10,0.9095066241490083,1.0,0.31000000000000005,0.2,1.0,225.12,926.026712410484,Low Value,Core,Promising,3,Dormant One-Time Customers,Automated nurture,Early-lifecycle or dormant one-time profile,1.0,0.01,842.2274290762639,2.5266822872287915,1.5266822872287915,2.5266822872287915,0.0039577591731834935,91.54443485763589,selected
285,13321,2011-12-10,0.749835824587151,1.0,0.31000000000000005,0.2,0.8732790932889772,567.36,1121.857172972076,Low Value,Core,Need Attention,3,Dormant One-Time Customers,Automated nurture,Early-lifecycle or dormant one-time profile,1.0,0.01,841.2086983645266,2.52362609509358,1.5236260950935798,2.52362609509358,0.003962552146469695,91.5156744319816,selected
286,18014,2011-12-10,0.780923658698107,1.0,0.31000000000000005,0.2,1.0,162.22,1076.5738869747793,Low Value,Core,Promising,3,Dormant One-Time Customers,Automated nurture,Early-lifecycle or dormant one-time profile,1.0,0.01,840.722018675187,2.522166056025561,1.522166056025561,2.522166056025561,0.00396484600056748,91.4869140063273,selected
287,17379,2011-12-10,0.6321973858902746,1.0,0.31000000000000005,0.2,1.0,389.71999999999997,1321.471150162911,Low Value,Core,New Customers,3,Dormant One-Time Customers,Automated nurture,Early-lifecycle or dormant one-time profile,1.0,0.01,835.430606662407,2.506291819987221,1.5062918199872208,2.506291819987221,0.003989958360096706,91.458153580673,selected
288,12491,2011-12-10,0.8599868596488581,1.0,0.31000000000000005,0.2,1.0,460.40000000000003,971.2302697395694,Low Value,Core,Promising,3,Dormant One-Time Customers,Automated nurture,Early-lifecycle or dormant one-time profile,1.0,0.01,835.2452696692457,2.505735809007737,1.5057358090077368,2.505735809007737,0.003990843713072834,91.42939315501869,selected
289,13986,2011-12-10,0.6828464232187353,1.0,0.31000000000000005,0.2,1.0,320.46,1223.0449274423302,Low Value,Core,New Customers,3,Dormant One-Time Customers,Automated nurture,Early-lifecycle or dormant one-time profile,1.0,0.01,835.1518541398128,2.5054555624194386,1.5054555624194386,2.5054555624194386,0.0039912901070747065,91.40063272936439,selected
290,13522,2011-12-10,0.7921099095892901,1.0,0.31000000000000005,0.2,1.0,125.80000000000001,1053.6865033946588,Low Value,Core,Promising,3,Dormant One-Time Customers,Automated nurture,Early-lifecycle or dormant one-time profile,1.0,0.01,834.6355209393984,2.503906562818195,1.503906562818195,2.503906562818195,0.0039937592514413985,91.3718723037101,selected
291,17793,2011-12-10,0.7499728199737532,1.0,0.31000000000000005,0.2,1.0,300.34000000000003,1112.8653877946042,Low Value,Core,Promising,3,Dormant One-Time Customers,Automated nurture,Early-lifecycle or dormant one-time profile,1.0,0.01,834.6187931355038,2.5038563794065114,1.5038563794065114,2.5038563794065114,0.003993839296154158,91.3431118780558,selected
292,18067,2011-12-10,0.876033068181793,1.0,0.31000000000000005,0.2,1.0,396.33,952.6217214992771,Low Value,Core,Promising,3,Dormant One-Time Customers,Automated nurture,Early-lifecycle or dormant one-time profile,1.0,0.01,834.5281295016333,2.5035843885049,1.5035843885048998,2.5035843885049,0.003994273189238026,91.3143514524015,selected
293,17523,2011-12-10,0.5313041763524211,1.0,0.31000000000000005,0.2,0.9537251510508123,652.74,2404.619464719535,Medium Value,High,Loyal Customers,2,Established Moderate-Value Customers,Personalized offer,Default scalable retention treatment,10.0,0.03,1277.584364143812,11.498259277294308,1.4982592772943075,1.1498259277294307,0.026090905828885947,91.2855910267472,selected
294,17232,2011-12-10,0.46679518936266284,1.0,0.31000000000000005,0.2,0.9528755403783663,417.77,1781.2207273190775,Low Value,High,Potential Loyalists,2,Established Moderate-Value Customers,Automated nurture,Early-lifecycle or dormant one-time profile,1.0,0.01,831.4652667056088,2.494395800116826,1.494395800116826,2.494395800116826,0.004008986865489289,91.2568306010929,selected
295,17947,2011-12-10,0.8471763716129206,1.0,0.31000000000000005,0.2,1.0,176.68,980.8140815400616,Low Value,Core,Promising,3,Dormant One-Time Customers,Automated nurture,Early-lifecycle or dormant one-time profile,1.0,0.01,830.9225148259686,2.492767544477906,1.492767544477906,2.492767544477906,0.004011605503350067,91.22807017543859,selected
296,14098,2011-12-10,0.8363185491082612,1.0,0.31000000000000005,0.2,1.0,147.35,990.5918620246177,Low Value,Core,Promising,3,Dormant One-Time Customers,Automated nurture,Early-lifecycle or dormant one-time profile,1.0,0.01,828.4503488068792,2.485351046420637,1.4853510464206372,2.485351046420637,0.004023576473996235,91.19930974978429,selected
297,18205,2011-12-10,0.6674882354634365,1.0,0.31000000000000005,0.2,0.9266283203615778,517.36,1239.9738662739646,Low Value,Core,Potential Loyalists,2,Established Moderate-Value Customers,Automated nurture,Early-lifecycle or dormant one-time profile,1.0,0.01,827.6679680199838,2.483003904059952,1.4830039040599519,2.483003904059952,0.004027379894026358,91.17054932413001,selected
298,16318,2011-12-10,0.8262424617559185,1.0,0.31000000000000005,0.2,1.0,328.15,1000.5696149715981,Low Value,Core,Promising,3,Dormant One-Time Customers,Automated nurture,Early-lifecycle or dormant one-time profile,1.0,0.01,826.7131018323048,2.4801393054969147,1.4801393054969147,2.4801393054969147,0.00403203157896666,91.1417888984757,selected
299,13153,2011-12-10,0.5747889818079175,1.0,0.31000000000000005,0.2,1.0,486.22,1437.5110574742218,Low Value,Core,New Customers,3,Dormant One-Time Customers,Automated nurture,Early-lifecycle or dormant one-time profile,1.0,0.01,826.2655170632307,2.478796551189692,1.478796551189692,2.478796551189692,0.004034215714557343,91.1130284728214,selected
300,18260,2011-12-10,0.5638210924393329,1.0,0.31000000000000005,0.2,0.4987999944763732,9947.26,2262.000865874435,High Value,High,Loyal Customers,1,High-Value Loyal Customers,Personalized offer,Default scalable retention treatment,10.0,0.03,1275.3637992960407,11.478274193664365,1.4782741936643653,1.1478274193664366,0.02613633329700298,91.0842680471671,selected
301,12893,2011-12-10,0.7831685708142244,1.0,0.31000000000000005,0.2,1.0,176.55,1053.6865033946588,Low Value,Core,Promising,3,Dormant One-Time Customers,Automated nurture,Early-lifecycle or dormant one-time profile,1.0,0.01,825.2141529498323,2.4756424588494967,1.4756424588494967,2.4756424588494967,0.004039355507195207,91.0555076215128,selected
302,17684,2011-12-10,0.8899441372020221,1.0,0.31000000000000005,0.2,1.0,239.41,926.026712410484,Low Value,Core,Promising,3,Dormant One-Time Customers,Automated nurture,Early-lifecycle or dormant one-time profile,1.0,0.01,824.1120436021733,2.4723361308065197,1.4723361308065197,2.4723361308065197,0.004044757456478146,91.0267471958585,selected
303,15096,2011-12-10,0.8795327531475519,1.0,0.31000000000000005,0.2,1.0,219.39000000000001,934.7227637957487,Low Value,Core,Promising,3,Dormant One-Time Customers,Automated nurture,Early-lifecycle or dormant one-time profile,1.0,0.01,822.1192858709637,2.466357857612891,1.4663578576128908,2.466357857612891,0.0040545616562223784,90.9979867702042,selected
304,15963,2011-12-10,0.6952664279159102,1.0,0.31000000000000005,0.2,0.9383323778852709,470.76,1180.6805501716892,Low Value,Core,Potential Loyalists,2,Established Moderate-Value Customers,Automated nurture,Early-lifecycle or dormant one-time profile,1.0,0.01,820.887548627662,2.4626626458829857,1.4626626458829857,2.4626626458829857,0.004060645503645307,90.96922634454991,selected
305,16709,2011-12-10,0.35340389386208726,1.0,0.31000000000000005,0.2,0.9693075962150609,9056.01,3602.842287663763,High Value,High,Loyal Customers,1,High-Value Loyal Customers,Personalized offer,Default scalable retention treatment,10.0,0.03,1273.258493431364,11.459326440882275,1.4593264408822755,1.1459326440882276,0.026179549168764443,90.9404659188956,selected
306,18240,2011-12-10,0.9089500110580984,1.0,0.31000000000000005,0.2,1.0,422.58,900.8959838853565,Low Value,Core,Promising,3,Dormant One-Time Customers,Automated nurture,Early-lifecycle or dormant one-time profile,1.0,0.01,818.8694145147912,2.4566082435443732,1.4566082435443732,2.4566082435443732,0.004070653115440207,90.9117054932413,selected
307,15557,2011-12-10,0.7594131073351504,1.0,0.31000000000000005,0.2,1.0,468.91,1076.5738869747793,Low Value,Core,Promising,3,Dormant One-Time Customers,Automated nurture,Early-lifecycle or dormant one-time profile,1.0,0.01,817.5643207833982,2.4526929623501945,1.4526929623501945,2.4526929623501945,0.004077151177707095,90.882945067587,selected
308,13673,2011-12-10,0.6272583399772519,1.0,0.31000000000000005,0.2,0.9365504074554488,387.44,1303.133507755385,Low Value,Core,Potential Loyalists,2,Established Moderate-Value Customers,Automated nurture,Early-lifecycle or dormant one-time profile,1.0,0.01,817.4013608433761,2.452204082530128,1.4522040825301281,2.452204082530128,0.004077964012555688,90.8541846419327,selected
309,12749,2011-12-10,0.32042112945777856,1.0,0.31000000000000005,0.2,0.9852395031074981,6897.360000000001,3969.539581845164,High Value,High,Champions,1,High-Value Loyal Customers,Personalized offer,Default scalable retention treatment,10.0,0.03,1271.9243562421855,11.44731920617967,1.4473192061796691,1.144731920617967,0.02620700922169178,90.8254242162784,selected
310,12658,2011-12-10,0.6749976419103412,1.0,0.31000000000000005,0.2,1.0,686.05,1208.072432481051,Medium Value,Core,New Customers,3,Dormant One-Time Customers,Automated nurture,Early-lifecycle or dormant one-time profile,1.0,0.01,815.4460431815993,2.446338129544798,1.446338129544798,2.446338129544798,0.004087742360399194,90.7966637906241,selected
311,13160,2011-12-10,0.7073806295656039,1.0,0.31000000000000005,0.2,1.0,91.8,1151.7342972722768,Low Value,Core,Promising,3,Dormant One-Time Customers,Automated nurture,Early-lifecycle or dormant one-time profile,1.0,0.01,814.7145322967615,2.4441435968902847,1.4441435968902847,2.4441435968902847,0.004091412637425694,90.76790336496981,selected
312,14638,2011-12-10,0.9369563772461954,1.0,0.31000000000000005,0.2,1.0,443.6,869.4629355188805,Low Value,Core,Promising,3,Dormant One-Time Customers,Automated nurture,Early-lifecycle or dormant one-time profile,1.0,0.01,814.6488422136126,2.443946526640838,1.443946526640838,2.443946526640838,0.004091742552871984,90.7391429393155,selected
313,16026,2011-12-10,0.8796824789309742,1.0,0.31000000000000005,0.2,1.0,236.09,926.026712410484,Low Value,Core,Promising,3,Dormant One-Time Customers,Automated nurture,Early-lifecycle or dormant one-time profile,1.0,0.01,814.609473929555,2.4438284217886648,1.4438284217886648,2.4438284217886648,0.004091940297789356,90.7103825136612,selected
314,15010,2011-12-10,0.8111329296540062,1.0,0.31000000000000005,0.2,1.0,308.94,1000.5696149715981,Low Value,Core,Promising,3,Dormant One-Time Customers,Automated nurture,Early-lifecycle or dormant one-time profile,1.0,0.01,811.5949631146933,2.4347848893440798,1.4347848893440798,2.4347848893440798,0.004107139010006734,90.6816220880069,selected
315,18045,2011-12-10,0.8924721045788038,1.0,0.31000000000000005,0.2,1.0,178.34,909.1177925903581,Low Value,Core,Promising,3,Dormant One-Time Customers,Automated nurture,Early-lifecycle or dormant one-time profile,1.0,0.01,811.3622696631534,2.43408680898946,1.43408680898946,2.43408680898946,0.0041083169109123185,90.6528616623526,selected
316,12812,2011-12-10,0.8826504425355772,1.0,0.31000000000000005,0.2,1.0,229.64000000000001,917.4932402986036,Low Value,Core,Promising,3,Dormant One-Time Customers,Automated nurture,Early-lifecycle or dormant one-time profile,1.0,0.01,809.8258145729632,2.4294774437188895,1.4294774437188895,2.4294774437188895,0.004116111481443778,90.62410123669831,selected
317,15721,2011-12-10,0.6128073055322819,1.0,0.31000000000000005,0.2,1.0,471.40000000000003,1321.471150162911,Low Value,Core,New Customers,3,Dormant One-Time Customers,Automated nurture,Early-lifecycle or dormant one-time profile,1.0,0.01,809.807174869979,2.4294215246099373,1.4294215246099373,2.4294215246099373,0.004116206223868696,90.595340811044,selected
318,14661,2011-12-10,0.7350896634167021,1.0,0.31000000000000005,0.2,1.0,107.95,1100.4949098386946,Low Value,Core,Promising,3,Dormant One-Time Customers,Automated nurture,Early-lifecycle or dormant one-time profile,1.0,0.01,808.96243286512,2.4268872985953602,1.4268872985953602,2.4268872985953602,0.004120504485637971,90.5665803853897,selected
319,13697,2011-12-10,0.8304973931706741,1.0,0.31000000000000005,0.2,1.0,151.29999999999998,971.2302697395694,Low Value,Core,Promising,3,Dormant One-Time Customers,Automated nurture,Early-lifecycle or dormant one-time profile,1.0,0.01,806.604207187163,2.419812621561489,1.4198126215614888,2.419812621561489,0.0041325513847212956,90.5378199597354,selected
320,17197,2011-12-10,0.7561675909793917,1.0,0.31000000000000005,0.2,1.0,1013.01,1065.005262370533,Medium Value,Core,Promising,3,Dormant One-Time Customers,Automated nurture,Early-lifecycle or dormant one-time profile,1.0,0.01,805.322463627101,2.4159673908813026,1.4159673908813026,2.4159673908813026,0.004139128714130605,90.5090595340811,selected
321,15844,2011-12-10,0.8929331248298119,1.0,0.31000000000000005,0.2,1.0,130.74,900.8959838853565,Low Value,Core,Promising,3,Dormant One-Time Customers,Automated nurture,Early-lifecycle or dormant one-time profile,1.0,0.01,804.4398660373793,2.4133195981121376,1.4133195981121376,2.4133195981121376,0.0041436699920817275,90.4802991084268,selected
322,12984,2011-12-10,0.6642651919667639,1.0,0.31000000000000005,0.2,1.0,97.5,1208.072432481051,Low Value,Core,New Customers,3,Dormant One-Time Customers,Automated nurture,Early-lifecycle or dormant one-time profile,1.0,0.01,802.4804662717808,2.407441398815342,1.407441398815342,2.407441398815342,0.0041537875044106234,90.45153868277251,selected
323,16751,2011-12-10,0.7601573567630644,1.0,0.31000000000000005,0.2,1.0,1764.72,1053.6865033946588,High Value,Core,Promising,3,Dormant One-Time Customers,Automated nurture,Early-lifecycle or dormant one-time profile,1.0,0.01,800.9675472773995,2.4029026418321986,1.4029026418321986,2.4029026418321986,0.004161633445279773,90.42277825711821,selected
324,15604,2011-12-10,0.9364931562267033,1.0,0.31000000000000005,0.2,1.0,216.39,854.5654339995674,Low Value,Core,Promising,3,Dormant One-Time Customers,Automated nurture,Early-lifecycle or dormant one-time profile,1.0,0.01,800.2946804884973,2.4008840414654915,1.4008840414654915,2.4008840414654915,0.004165132437589961,90.3940178314639,selected
325,13366,2011-12-10,0.9195961551520481,1.0,0.31000000000000005,0.2,1.0,56.160000000000004,869.4629355188805,Low Value,Core,Promising,3,Dormant One-Time Customers,Automated nurture,Early-lifecycle or dormant one-time profile,1.0,0.01,799.5547725503756,2.398664317651127,1.3986643176511269,2.398664317651127,0.004168986850895595,90.3652574058096,selected
326,16505,2011-12-10,0.7658611428116552,1.0,0.31000000000000005,0.2,1.0,777.6,1042.609529131457,Medium Value,Core,Promising,3,Dormant One-Time Customers,Automated nurture,Early-lifecycle or dormant one-time profile,1.0,0.01,798.4941254869394,2.395482376460818,1.395482376460818,2.395482376460818,0.004174524554329806,90.3364969801553,selected
327,17100,2011-12-10,0.6603391485664419,1.0,0.31000000000000005,0.2,1.0,971.74,1208.072432481051,Medium Value,Core,Potential Loyalists,2,Established Moderate-Value Customers,Automated nurture,Early-lifecycle or dormant one-time profile,1.0,0.01,797.7375214711276,2.393212564413383,1.3932125644133828,2.393212564413383,0.0041784838290998905,90.307736554501,selected
328,17806,2011-12-10,0.6026833487863182,1.0,0.31000000000000005,0.2,1.0,546.04,1321.471150162911,Low Value,Core,New Customers,3,Dormant One-Time Customers,Automated nurture,Early-lifecycle or dormant one-time profile,1.0,0.01,796.4286581046908,2.3892859743140726,1.3892859743140726,2.3892859743140726,0.004185350815057142,90.27897612884671,selected
329,12448,2011-12-10,0.8672805646249098,1.0,0.31000000000000005,0.2,1.0,449.45,917.4932402986036,Low Value,Core,Promising,3,Dormant One-Time Customers,Automated nurture,Early-lifecycle or dormant one-time profile,1.0,0.01,795.724055485711,2.387172166457133,1.387172166457133,2.387172166457133,0.004189056885176938,90.25021570319241,selected
330,14093,2011-12-10,0.6099972125479423,1.0,0.31000000000000005,0.2,1.0,433.86,1303.9604010809485,Low Value,Core,New Customers,3,Dormant One-Time Customers,Automated nurture,Early-lifecycle or dormant one-time profile,1.0,0.01,795.4122099322753,2.386236629796826,1.386236629796826,2.386236629796826,0.0041906992270299035,90.22145527753811,selected
331,12430,2011-12-10,0.8585814631533434,1.0,0.31000000000000005,0.2,1.0,256.4,926.026712410484,Low Value,Core,Promising,3,Dormant One-Time Customers,Automated nurture,Early-lifecycle or dormant one-time profile,1.0,0.01,795.0693696604737,2.385208108981421,1.3852081089814212,2.385208108981421,0.00419250629005718,90.1926948518838,selected
332,16337,2011-12-10,0.802443118256264,1.0,0.31000000000000005,0.2,1.0,151.05,990.5918620246177,Low Value,Core,Promising,3,Dormant One-Time Customers,Automated nurture,Early-lifecycle or dormant one-time profile,1.0,0.01,794.8936226823131,2.384680868046939,1.3846808680469391,2.384680868046939,0.004193433232091148,90.1639344262295,selected
333,15153,2011-12-10,0.7618851131576929,1.0,0.31000000000000005,0.2,1.0,329.25,1042.609529131457,Low Value,Core,Promising,3,Dormant One-Time Customers,Automated nurture,Early-lifecycle or dormant one-time profile,1.0,0.01,794.3486790816091,2.3830460372448274,1.3830460372448274,2.3830460372448274,0.004196310035017854,90.13517400057522,selected
334,12713,2011-12-10,0.5116328041703783,1.0,0.31000000000000005,0.2,1.0,848.55,1551.4017379668703,Medium Value,Core,New Customers,2,Established Moderate-Value Customers,Automated nurture,Early-lifecycle or dormant one-time profile,1.0,0.01,793.7480215907882,2.3812440647723645,1.3812440647723645,2.3812440647723645,0.004199485532767492,90.10641357492091,selected
335,14528,2011-12-10,0.8088358861488103,1.0,0.31000000000000005,0.2,1.0,364.22,980.8140815400616,Low Value,Core,Promising,3,Dormant One-Time Customers,Automated nurture,Early-lifecycle or dormant one-time profile,1.0,0.01,793.3176267896872,2.3799528803690615,1.3799528803690615,2.3799528803690615,0.004201763859479979,90.07765314926661,selected
336,15360,2011-12-10,0.8222898922087686,1.0,0.31000000000000005,0.2,1.0,427.93,961.8346620978874,Low Value,Core,Promising,3,Dormant One-Time Customers,Automated nurture,Early-lifecycle or dormant one-time profile,1.0,0.01,790.9069206191292,2.3727207618573876,1.3727207618573876,2.3727207618573876,0.004214570951944598,90.04889272361231,selected
337,17503,2011-12-10,0.5633731655531032,1.0,0.31000000000000005,0.2,0.9533813670189242,558.96,1402.34989382054,Low Value,Core,Potential Loyalists,2,Established Moderate-Value Customers,Automated nurture,Early-lifecycle or dormant one-time profile,1.0,0.01,790.0462988947359,2.3701388966842076,1.3701388966842076,2.3701388966842076,0.004219162013665049,90.02013229795801,selected
338,17595,2011-12-10,0.5415057784118774,1.0,0.31000000000000005,0.2,0.9444775489773656,386.69000000000005,1456.753706033241,Low Value,Core,Potential Loyalists,2,Established Moderate-Value Customers,Automated nurture,Early-lifecycle or dormant one-time profile,1.0,0.01,788.8405495399174,2.3665216486197522,1.3665216486197522,2.3665216486197522,0.004225611037968907,89.9913718723037,selected
339,13182,2011-12-10,0.8667878099395028,1.0,0.31000000000000005,0.2,1.0,121.18,909.1177925903581,Low Value,Core,Promising,3,Dormant One-Time Customers,Automated nurture,Early-lifecycle or dormant one-time profile,1.0,0.01,788.0122204164317,2.364036661249295,1.364036661249295,2.364036661249295,0.00423005284305338,89.9626114466494,selected
340,15320,2011-12-10,0.8586011828349505,1.0,0.31000000000000005,0.2,1.0,267.13,917.4932402986036,Low Value,Core,Promising,3,Dormant One-Time Customers,Automated nurture,Early-lifecycle or dormant one-time profile,1.0,0.01,787.7607813634525,2.3632823440903574,1.3632823440903574,2.3632823440903574,0.004231402999733011,89.93385102099512,selected
341,17973,2011-12-10,0.9124282891525579,1.0,0.31000000000000005,0.2,1.0,337.04,861.9489470929135,Low Value,Core,Promising,3,Dormant One-Time Customers,Automated nurture,Early-lifecycle or dormant one-time profile,1.0,0.01,786.4666031328358,2.359399809398507,1.3593998093985071,2.359399809398507,0.0042383660285830686,89.90509059534081,selected
342,13923,2011-12-10,0.9271403124177755,1.0,0.31000000000000005,0.2,1.0,351.13,847.3090000557274,Low Value,Core,Promising,3,Dormant One-Time Customers,Automated nurture,Early-lifecycle or dormant one-time profile,1.0,0.01,785.5743310260601,2.3567229930781806,1.3567229930781806,2.3567229930781806,0.0042431800552591575,89.87633016968651,selected
343,17761,2011-12-10,0.7611964644016935,1.0,0.31000000000000005,0.2,1.0,712.78,1031.766605341757,Medium Value,Core,Promising,3,Dormant One-Time Customers,Automated nurture,Early-lifecycle or dormant one-time profile,1.0,0.01,785.3770920738829,2.3561312762216486,1.3561312762216486,2.3561312762216486,0.004244245683982538,89.84756974403221,selected
344,16243,2011-12-10,0.7202859600456505,1.0,0.31000000000000005,0.2,0.9232680957808731,409.1,1086.4765480338338,Low Value,Core,Potential Loyalists,2,Established Moderate-Value Customers,Automated nurture,Early-lifecycle or dormant one-time profile,1.0,0.01,782.5738034676342,2.3477214104029027,1.3477214104029027,2.3477214104029027,0.004259449164491735,89.81880931837792,selected
345,15667,2011-12-10,0.8128592672860903,1.0,0.31000000000000005,0.2,1.0,301.32,961.8346620978874,Low Value,Core,Promising,3,Dormant One-Time Customers,Automated nurture,Early-lifecycle or dormant one-time profile,1.0,0.01,781.8362186832529,2.3455086560497587,1.3455086560497587,2.3455086560497587,0.00426346753153396,89.79004889272362,selected
346,14855,2011-12-10,0.45264872307853693,1.0,0.31000000000000005,0.2,0.9526751284452587,6520.3,2784.547338785858,High Value,High,Loyal Customers,1,High-Value Loyal Customers,Personalized offer,Default scalable retention treatment,10.0,0.03,1260.4217972531567,11.34379617527841,1.3437961752784098,1.1343796175278409,0.02644617334131862,89.7612884670693,selected
347,17712,2011-12-10,0.8505937406950316,1.0,0.31000000000000005,0.2,1.0,522.91,917.4932402986036,Low Value,Core,Promising,3,Dormant One-Time Customers,Automated nurture,Early-lifecycle or dormant one-time profile,1.0,0.01,780.4140073279947,2.341242021983984,1.3412420219839838,2.341242021983984,0.004271237192097694,89.73252804141502,selected
348,14815,2011-12-10,0.7159162472944478,1.0,0.31000000000000005,0.2,0.924282830311172,778.5,1088.9085954992315,Medium Value,Core,Potential Loyalists,2,Established Moderate-Value Customers,Automated nurture,Early-lifecycle or dormant one-time profile,1.0,0.01,779.5673553364777,2.338702066009433,1.338702066009433,2.338702066009433,0.004275875984948852,89.70376761576071,selected
349,14582,2011-12-10,0.81785379145284,1.0,0.31000000000000005,0.2,1.0,114.11,952.6217214992771,Low Value,Core,Promising,3,Dormant One-Time Customers,Automated nurture,Early-lifecycle or dormant one-time profile,1.0,0.01,779.1052867485151,2.3373158602455453,1.3373158602455453,2.3373158602455453,0.004278411904050253,89.67500719010641,selected
350,16070,2011-12-10,0.6401128907160084,1.0,0.31000000000000005,0.2,0.9308560482465662,852.1500000000001,1213.8354512195465,Medium Value,Core,Potential Loyalists,2,Established Moderate-Value Customers,Automated nurture,Early-lifecycle or dormant one-time profile,1.0,0.01,776.9917195337143,2.330975158601143,1.330975158601143,2.330975158601143,0.004290050008941823,89.64624676445212,selected
351,16708,2011-12-10,0.8542239560051558,1.0,0.31000000000000005,0.2,1.0,656.63,909.1177925903581,Medium Value,Core,Promising,3,Dormant One-Time Customers,Automated nurture,Early-lifecycle or dormant one-time profile,1.0,0.01,776.5901972612104,2.3297705917836313,1.3297705917836313,2.3297705917836313,0.004292268103678044,89.61748633879782,selected
352,17015,2011-12-10,0.5499925057435487,1.0,0.31000000000000005,0.2,0.9570764344773808,1838.61,2288.788551051666,High Value,High,Loyal Customers,2,Established Moderate-Value Customers,Personalized offer,Default scalable retention treatment,10.0,0.03,1258.8165503100522,11.32934895279047,1.32934895279047,1.132934895279047,0.02647989758724032,89.58872591314352,selected
353,16914,2011-12-10,0.7830038134211751,1.0,0.31000000000000005,0.2,1.0,183.76,990.5918620246177,Low Value,Core,Promising,3,Dormant One-Time Customers,Automated nurture,Early-lifecycle or dormant one-time profile,1.0,0.01,775.6372055092583,2.3269116165277746,1.3269116165277746,2.3269116165277746,0.004297541827103014,89.55996548748921,selected
354,14158,2011-12-10,0.8136044269997936,1.0,0.31000000000000005,0.2,1.0,507.65999999999997,952.6217214992771,Low Value,Core,Promising,3,Dormant One-Time Customers,Automated nurture,Early-lifecycle or dormant one-time profile,1.0,0.01,775.0572498679763,2.325171749603929,1.3251717496039288,2.325171749603929,0.004300757568426249,89.53120506183492,selected
355,12657,2011-12-10,0.39677761124037775,1.0,0.31000000000000005,0.2,0.9610313400540388,1643.18,3168.6160123616946,High Value,High,Loyal Customers,2,Established Moderate-Value Customers,Personalized offer,Default scalable retention treatment,10.0,0.03,1257.2358923228844,11.315123030905959,1.3151230309059585,1.1315123030905958,0.026513189399760342,89.50244463618061,selected
356,15000,2011-12-10,0.8632811410709554,1.0,0.31000000000000005,0.2,1.0,490.52,892.8235904154784,Low Value,Core,Promising,3,Dormant One-Time Customers,Automated nurture,Early-lifecycle or dormant one-time profile,1.0,0.01,770.7577679089416,2.3122733037268244,1.3122733037268244,2.3122733037268244,0.004324748282948396,89.47368421052632,selected
357,18117,2011-12-10,0.6924220050087115,1.0,0.31000000000000005,0.2,1.0,315.65,1112.8653877946042,Low Value,Core,Promising,3,Dormant One-Time Customers,Automated nurture,Early-lifecycle or dormant one-time profile,1.0,0.01,770.5724831215372,2.3117174493646115,1.3117174493646115,2.3117174493646115,0.004325788172230372,89.44492378487202,selected
358,17148,2011-12-10,0.8920783238047075,1.0,0.31000000000000005,0.2,1.0,124.88,861.9489470929135,Low Value,Core,Promising,3,Dormant One-Time Customers,Automated nurture,Early-lifecycle or dormant one-time profile,1.0,0.01,768.9259719278788,2.3067779157836363,1.3067779157836363,2.3067779157836363,0.004335051038757191,89.41616335921772,selected
359,16826,2011-12-10,0.8914092581296784,1.0,0.31000000000000005,0.2,1.0,341.7,861.9489470929135,Low Value,Core,Promising,3,Dormant One-Time Customers,Automated nurture,Early-lifecycle or dormant one-time profile,1.0,0.01,768.3492714737514,2.305047814421254,1.305047814421254,2.305047814421254,0.0043383048010701575,89.38740293356342,selected
360,16260,2011-12-10,0.8810919118326538,1.0,0.31000000000000005,0.2,1.0,1035.45,869.4629355188805,Medium Value,Core,Promising,3,Dormant One-Time Customers,Automated nurture,Early-lifecycle or dormant one-time profile,1.0,0.01,766.0767601239618,2.2982302803718855,1.2982302803718855,2.2982302803718855,0.004351174068762971,89.35864250790911,selected
361,15168,2011-12-10,0.6878829891441997,1.0,0.31000000000000005,0.2,1.0,106.56,1112.8653877946042,Low Value,Core,Promising,3,Dormant One-Time Customers,Automated nurture,Early-lifecycle or dormant one-time profile,1.0,0.01,765.5211694712713,2.2965635084138136,1.2965635084138136,2.2965635084138136,0.004354332011008388,89.32988208225481,selected
362,17125,2011-12-10,0.8784747258114726,1.0,0.31000000000000005,0.2,1.0,230.5,869.4629355188805,Low Value,Core,Promising,3,Dormant One-Time Customers,Automated nurture,Early-lifecycle or dormant one-time profile,1.0,0.01,763.8012138831866,2.29140364164956,1.29140364164956,2.29140364164956,0.004364137255538747,89.30112165660051,selected
363,16953,2011-12-10,0.7245650323278774,1.0,0.31000000000000005,0.2,1.0,20.8,1053.6865033946588,Low Value,Core,Promising,3,Dormant One-Time Customers,Automated nurture,Early-lifecycle or dormant one-time profile,1.0,0.01,763.464395395599,2.290393186186797,1.290393186186797,2.290393186186797,0.004366062587117928,89.27236123094622,selected
364,12398,2011-12-10,0.8374697646867847,1.0,0.31000000000000005,0.2,1.0,1635.66,909.1177925903581,High Value,Core,Promising,3,Dormant One-Time Customers,Automated nurture,Early-lifecycle or dormant one-time profile,1.0,0.01,761.3586638332164,2.284075991499649,1.2840759914996491,2.284075991499649,0.004378138046726865,89.24360080529192,selected
365,15327,2011-12-10,0.8907059967773456,1.0,0.31000000000000005,0.2,1.0,208.75,854.5654339995674,Low Value,Core,Promising,3,Dormant One-Time Customers,Automated nurture,Early-lifecycle or dormant one-time profile,1.0,0.01,761.1665567020497,2.2834996701061487,1.2834996701061487,2.2834996701061487,0.0043792430237290765,89.21484037963762,selected
366,15576,2011-12-10,0.7759747437568307,1.0,0.31000000000000005,0.2,1.0,921.37,980.8140815400616,Medium Value,Core,Promising,3,Dormant One-Time Customers,Automated nurture,Early-lifecycle or dormant one-time profile,1.0,0.01,761.0869555961406,2.2832608667884218,1.2832608667884218,2.2832608667884218,0.0043797010431251135,89.18607995398332,selected
367,17819,2011-12-10,0.4411171353155183,1.0,0.31000000000000005,0.2,0.9748956400239444,6612.52,2840.640817496562,High Value,High,Loyal Customers,1,High-Value Loyal Customers,Personalized offer,Default scalable retention treatment,10.0,0.03,1253.0553398744155,11.277498058869737,1.277498058869737,1.1277498058869737,0.02660164501327937,89.15731952832901,selected
368,17052,2011-12-10,0.7037995368969935,1.0,0.31000000000000005,0.2,1.0,399.09,1076.5738869747793,Low Value,Core,Promising,3,Dormant One-Time Customers,Automated nurture,Early-lifecycle or dormant one-time profile,1.0,0.01,757.6922030882458,2.2730766092647374,1.2730766092647374,2.2730766092647374,0.004399323788402652,89.12855910267471,selected
369,17836,2011-12-10,0.8484584534779878,1.0,0.31000000000000005,0.2,1.0,110.21,892.8235904154784,Low Value,Core,Promising,3,Dormant One-Time Customers,Automated nurture,Early-lifecycle or dormant one-time profile,1.0,0.01,757.5237227525812,2.2725711682577434,1.2725711682577434,2.2725711682577434,0.0044003022390125875,89.09979867702043,selected
370,14830,2011-12-10,0.8921951201051159,1.0,0.31000000000000005,0.2,1.0,188.88,847.3090000557274,Low Value,Core,Promising,3,Dormant One-Time Customers,Automated nurture,Early-lifecycle or dormant one-time profile,1.0,0.01,755.9649550708655,2.2678948652125963,1.2678948652125963,2.2678948652125963,0.0044093754756407465,89.07103825136612,selected
371,15123,2011-12-10,0.5252883591243436,1.0,0.31000000000000005,0.2,0.979430820556022,4656.17,2383.348966992007,High Value,High,Champions,1,High-Value Loyal Customers,Personalized offer,Default scalable retention treatment,10.0,0.03,1251.9454680919305,11.267509212827374,1.267509212827374,1.1267509212827373,0.02662522784170154,89.04227782571182,selected
372,17457,2011-12-10,0.5050042781758729,1.0,0.31000000000000005,0.2,0.9274606414557793,5984.8099999999995,2478.6092100304245,High Value,High,Loyal Customers,1,High-Value Loyal Customers,Personalized offer,Default scalable retention treatment,10.0,0.03,1251.708254991485,11.265374294923365,1.2653742949233653,1.1265374294923365,0.026630273628386426,89.01351740005752,selected
373,15539,2011-12-10,0.5403134965179549,1.0,0.31000000000000005,0.2,1.0,538.46,1396.5873778880716,Low Value,Core,New Customers,3,Dormant One-Time Customers,Automated nurture,Early-lifecycle or dormant one-time profile,1.0,0.01,754.5950093395463,2.263785028018639,1.263785028018639,2.263785028018639,0.004417380571136839,88.98475697440323,selected
374,17728,2011-12-10,0.5015175949901884,1.0,0.31000000000000005,0.2,0.9798278295060487,4238.76,2494.347374418725,High Value,High,Champions,1,High-Value Loyal Customers,Personalized offer,Default scalable retention treatment,10.0,0.03,1250.95909628857,11.258631866597128,1.2586318665971277,1.1258631866597129,0.026646221632848688,88.95599654874891,selected
375,12508,2011-12-10,0.7192193996759547,1.0,0.31000000000000005,0.2,0.9227289090892088,397.88,1046.7871592482136,Low Value,Core,Potential Loyalists,3,Dormant One-Time Customers,Automated nurture,Early-lifecycle or dormant one-time profile,1.0,0.01,752.8696322629982,2.2586088967889943,1.2586088967889943,2.2586088967889943,0.004427504033220068,88.92723612309462,selected
376,14974,2011-12-10,0.7662352714883072,1.0,0.31000000000000005,0.2,1.0,89.94,980.8140815400616,Low Value,Core,Promising,3,Dormant One-Time Customers,Automated nurture,Early-lifecycle or dormant one-time profile,1.0,0.01,751.5343440484037,2.2546030321452113,1.2546030321452113,2.2546030321452113,0.004435370598470807,88.89847569744033,selected
377,16516,2011-12-10,0.7119097405732505,1.0,0.31000000000000005,0.2,1.0,101.69999999999999,1053.6865033946588,Low Value,Core,Promising,3,Dormant One-Time Customers,Automated nurture,Early-lifecycle or dormant one-time profile,1.0,0.01,750.1296852772269,2.250389055831681,1.2503890558316808,2.250389055831681,0.004443676071960046,88.86971527178602,selected
378,15853,2011-12-10,0.8667426023600774,1.0,0.31000000000000005,0.2,1.0,110.8,861.9489470929135,Low Value,Core,Promising,3,Dormant One-Time Customers,Automated nurture,Early-lifecycle or dormant one-time profile,1.0,0.01,747.0878735048406,2.2412636205145215,1.2412636205145215,2.2412636205145215,0.004461768757797587,88.84095484613172,selected
379,14345,2011-12-10,0.7688763487511052,1.0,0.31000000000000005,0.2,1.0,108.97999999999999,971.2302697395694,Low Value,Core,Promising,3,Dormant One-Time Customers,Automated nurture,Early-lifecycle or dormant one-time profile,1.0,0.01,746.7559835939112,2.2402679507817336,1.2402679507817336,2.2402679507817336,0.004463751756351527,88.81219442047743,selected
380,13732,2011-12-10,0.692809895761046,1.0,0.31000000000000005,0.2,1.0,491.86,1076.5738869747793,Low Value,Core,Promising,3,Dormant One-Time Customers,Automated nurture,Early-lifecycle or dormant one-time profile,1.0,0.01,745.861042414061,2.237583127242183,1.237583127242183,2.237583127242183,0.0044691077074419045,88.78343399482313,selected
381,17791,2011-12-10,0.7000451015139274,1.0,0.31000000000000005,0.2,1.0,106.1,1065.005262370533,Low Value,Core,Promising,3,Dormant One-Time Customers,Automated nurture,Early-lifecycle or dormant one-time profile,1.0,0.01,745.5517170090467,2.23665515102714,1.23665515102714,2.23665515102714,0.004470961916238047,88.75467356916882,selected
382,17839,2011-12-10,0.7975655837892279,1.0,0.31000000000000005,0.2,1.0,318.15,934.7227637957487,Low Value,Core,Promising,3,Dormant One-Time Customers,Automated nurture,Early-lifecycle or dormant one-time profile,1.0,0.01,745.5027067878369,2.2365081203635104,1.2365081203635104,2.2365081203635104,0.004471255842511607,88.72591314351452,selected
383,14218,2011-12-10,0.7959595354595959,1.0,0.31000000000000005,0.2,1.0,169.48000000000002,934.7227637957487,Low Value,Core,Promising,3,Dormant One-Time Customers,Automated nurture,Early-lifecycle or dormant one-time profile,1.0,0.01,744.0014968543737,2.232004490563121,1.2320044905631211,2.232004490563121,0.004480277724475841,88.69715271786023,selected
384,16169,2011-12-10,0.33834349094470273,1.0,0.31000000000000005,0.2,0.9699237046742334,1822.97,3686.609440074618,High Value,High,Loyal Customers,2,Established Moderate-Value Customers,Personalized offer,Default scalable retention treatment,10.0,0.03,1247.340307704542,11.226062769340878,1.2260627693408779,1.1226062769340879,0.026723527755369396,88.66839229220592,selected
385,17895,2011-12-10,0.8081912813651514,1.0,0.31000000000000005,0.2,1.0,95.45,917.4932402986036,Low Value,Core,Promising,3,Dormant One-Time Customers,Automated nurture,Early-lifecycle or dormant one-time profile,1.0,0.01,741.5100375207932,2.2245301125623795,1.2245301125623795,2.2245301125623795,0.004495331370669222,88.63963186655162,selected
386,15725,2011-12-10,0.5907184148097402,1.0,0.31000000000000005,0.2,1.0,415.25,1254.152993795399,Low Value,Core,New Customers,3,Dormant One-Time Customers,Automated nurture,Early-lifecycle or dormant one-time profile,1.0,0.01,740.851268423708,2.222553805271124,1.222553805271124,2.222553805271124,0.00449932864450052,88.61087144089733,selected
387,18105,2011-12-10,0.7552176780207852,1.0,0.31000000000000005,0.2,1.0,113.48000000000002,980.8140815400616,Low Value,Core,Promising,3,Dormant One-Time Customers,Automated nurture,Early-lifecycle or dormant one-time profile,1.0,0.01,740.7281332307743,2.2221843996923227,1.2221843996923227,2.2221843996923227,0.004500076591926651,88.58211101524303,selected
388,16123,2011-12-10,0.859081964792215,1.0,0.31000000000000005,0.2,1.0,307.78,861.9489470929135,Low Value,Core,Promising,3,Dormant One-Time Customers,Automated nurture,Early-lifecycle or dormant one-time profile,1.0,0.01,740.4847950191611,2.2214543850574833,1.2214543850574833,2.2214543850574833,0.004501555407693521,88.55335058958873,selected
389,16982,2011-12-10,0.9238010500675827,1.0,0.31000000000000005,0.2,1.0,384.06,799.810344538068,Low Value,Core,About to Sleep,3,Dormant One-Time Customers,Automated nurture,Early-lifecycle or dormant one-time profile,1.0,0.01,738.8656361391824,2.216596908417547,1.216596908417547,2.216596908417547,0.004511420169370854,88.52459016393442,selected
390,16504,2011-12-10,0.6631854476373612,1.0,0.31000000000000005,0.2,1.0,465.88,1112.8653877946042,Low Value,Core,Promising,3,Dormant One-Time Customers,Automated nurture,Early-lifecycle or dormant one-time profile,1.0,0.01,738.0361303646902,2.2141083910940704,1.2141083910940704,2.2141083910940704,0.004516490719344883,88.49582973828014,selected
391,15193,2011-12-10,0.9213582495601347,1.0,0.31000000000000005,0.2,1.0,499.32,799.810344538068,Low Value,Core,About to Sleep,3,Dormant One-Time Customers,Automated nurture,Early-lifecycle or dormant one-time profile,1.0,0.01,736.9118590236825,2.2107355770710475,1.2107355770710475,2.2107355770710475,0.004523381314217944,88.46706931262582,selected
392,15195,2011-12-10,0.4898201755939329,1.0,0.31000000000000005,0.2,1.0,3861.0,1503.7027794336811,High Value,Core,New Customers,3,Dormant One-Time Customers,Automated nurture,Early-lifecycle or dormant one-time profile,1.0,0.01,736.5439594632907,2.209631878389872,1.2096318783898719,2.209631878389872,0.004525640717713966,88.43830888697153,selected
393,13805,2011-12-10,0.6182548836327066,1.0,0.31000000000000005,0.2,0.925699837840704,924.6,1189.1235235960069,Medium Value,Core,Potential Loyalists,2,Established Moderate-Value Customers,Automated nurture,Early-lifecycle or dormant one-time profile,1.0,0.01,735.1814257057633,2.2055442771172897,1.2055442771172897,2.2055442771172897,0.004534028223214946,88.40954846131723,selected
394,14015,2011-12-10,0.8600228421001677,1.0,0.31000000000000005,0.2,1.0,917.34,854.5654339995674,Medium Value,Core,Promising,3,Dormant One-Time Customers,Automated nurture,Early-lifecycle or dormant one-time profile,1.0,0.01,734.9457933088712,2.2048373799266137,1.2048373799266137,2.2048373799266137,0.004535481886801485,88.38078803566293,selected
395,16561,2011-12-10,0.5806132412410439,1.0,0.31000000000000005,0.2,0.9517210706354414,511.12,1262.7513373433312,Low Value,Core,Potential Loyalists,2,Established Moderate-Value Customers,Automated nurture,Early-lifecycle or dormant one-time profile,1.0,0.01,733.1701468563743,2.199510440569123,1.199510440569123,2.199510440569123,0.0045464662570151295,88.35202761000863,selected
396,14752,2011-12-10,0.7905287346588851,1.0,0.31000000000000005,0.2,1.0,389.64,926.026712410484,Low Value,Core,Promising,3,Dormant One-Time Customers,Automated nurture,Early-lifecycle or dormant one-time profile,1.0,0.01,732.0507252221872,2.196152175666562,1.1961521756665618,2.196152175666562,0.004553418524818238,88.32326718435432,selected
397,15937,2011-12-10,0.9435863131449427,1.0,0.31000000000000005,0.2,1.0,145.35,775.012330008619,Low Value,Core,About to Sleep,3,Dormant One-Time Customers,Automated nurture,Early-lifecycle or dormant one-time profile,1.0,0.01,731.2910271147044,2.193873081344113,1.1938730813441132,2.193873081344113,0.004558148821386392,88.29450675870004,selected
398,17466,2011-12-10,0.5733830729093001,1.0,0.31000000000000005,0.2,0.9492190763035017,763.28,1270.1139875448923,Medium Value,Core,Potential Loyalists,2,Established Moderate-Value Customers,Automated nurture,Early-lifecycle or dormant one-time profile,1.0,0.01,728.2618611235749,2.184785583370725,1.1847855833707248,2.184785583370725,0.004577108195931899,88.26574633304573,selected
399,14179,2011-12-10,0.745278090659754,1.0,0.31000000000000005,0.2,0.9106692689531845,701.57,976.7820771976018,Medium Value,Core,Potential Loyalists,2,Established Moderate-Value Customers,Automated nurture,Early-lifecycle or dormant one-time profile,1.0,0.01,727.9742814844972,2.1839228444534915,1.1839228444534915,2.1839228444534915,0.004578916341022303,88.23698590739143,selected
400,16753,2011-12-10,0.8943064730596963,1.0,0.31000000000000005,0.2,1.0,223.92000000000002,812.8220973118165,Low Value,Core,Promising,3,Dormant One-Time Customers,Automated nurture,Early-lifecycle or dormant one-time profile,1.0,0.01,726.9120630719159,2.1807361892157475,1.1807361892157475,2.1807361892157475,0.00458560739692052,88.20822548173713,selected
401,17668,2011-12-10,0.5733047607430529,1.0,0.31000000000000005,0.2,0.9541361655518054,347.75,1261.2519074587444,Low Value,Core,Potential Loyalists,2,Established Moderate-Value Customers,Automated nurture,Early-lifecycle or dormant one-time profile,1.0,0.01,723.0817230423546,2.1692451691270636,1.1692451691270636,2.1692451691270636,0.004609898476355325,88.17946505608283,selected
402,13260,2011-12-10,0.9101261099146032,1.0,0.31000000000000005,0.2,1.0,557.62,793.4613772045885,Low Value,Core,About to Sleep,3,Dormant One-Time Customers,Automated nurture,Early-lifecycle or dormant one-time profile,1.0,0.01,722.1499166026957,2.1664497498080872,1.1664497498080872,2.1664497498080872,0.004615846733064471,88.15070463042854,selected
403,12716,2011-12-10,0.6620150060182367,1.0,0.31000000000000005,0.2,0.9537483252247954,1053.49,1089.7276477851312,Medium Value,Core,Potential Loyalists,2,Established Moderate-Value Customers,Automated nurture,Early-lifecycle or dormant one-time profile,1.0,0.01,721.4160553067126,2.164248165920138,1.1642481659201378,2.164248165920138,0.004620542208360133,88.12194420477422,selected
404,12611,2011-12-10,0.8436235161455878,1.0,0.31000000000000005,0.2,1.0,1193.32,854.5654339995674,Medium Value,Core,Promising,3,Dormant One-Time Customers,Automated nurture,Early-lifecycle or dormant one-time profile,1.0,0.01,720.9314962071953,2.162794488621586,1.1627944886215862,2.162794488621586,0.004623647809632297,88.09318377911993,selected
405,18019,2011-12-10,0.8363770650765757,1.0,0.31000000000000005,0.2,1.0,38.45,861.9489470929135,Low Value,Core,Promising,3,Dormant One-Time Customers,Automated nurture,Early-lifecycle or dormant one-time profile,1.0,0.01,720.9143306154157,2.162742991846247,1.162742991846247,2.162742991846247,0.004623757902673124,88.06442335346563,selected
406,16171,2011-12-10,0.8936441587738032,1.0,0.31000000000000005,0.2,1.0,73.2,806.2630564078041,Low Value,Core,Promising,3,Dormant One-Time Customers,Automated nurture,Early-lifecycle or dormant one-time profile,1.0,0.01,720.5122707939476,2.1615368123818426,1.1615368123818426,2.1615368123818426,0.0046263380492607906,88.03566292781133,selected
407,14383,2011-12-10,0.6392394773630091,1.0,0.31000000000000005,0.2,0.9493560780212259,1247.69,1939.8905349580916,High Value,High,Loyal Customers,2,Established Moderate-Value Customers,Personalized offer,Default scalable retention treatment,10.0,0.03,1240.0546117080587,11.160491505372528,1.1604915053725282,1.1160491505372527,0.026880536565578997,88.00690250215703,selected
408,16056,2011-12-10,0.7920083372977489,1.0,0.31000000000000005,0.2,1.0,650.75,909.1177925903581,Medium Value,Core,Promising,3,Dormant One-Time Customers,Automated nurture,Early-lifecycle or dormant one-time profile,1.0,0.01,720.0288713172893,2.1600866139518677,1.1600866139518677,2.1600866139518677,0.00462944399331518,87.97814207650273,selected
409,16025,2011-12-10,0.6758018713800215,1.0,0.31000000000000005,0.2,1.0,439.65999999999997,1065.005262370533,Low Value,Core,Promising,3,Dormant One-Time Customers,Automated nurture,Early-lifecycle or dormant one-time profile,1.0,0.01,719.732549339577,2.159197648018731,1.159197648018731,2.159197648018731,0.0046313499874251676,87.94938165084844,selected
410,13504,2011-12-10,0.927350536052929,1.0,0.31000000000000005,0.2,1.0,295.93,775.012330008619,Low Value,Core,About to Sleep,3,Dormant One-Time Customers,Automated nurture,Early-lifecycle or dormant one-time profile,1.0,0.01,718.7080996811223,2.156124299043367,1.156124299043367,2.156124299043367,0.0046379515338873635,87.92062122519413,selected
411,13483,2011-12-10,0.9339227031306614,1.0,0.31000000000000005,0.2,1.0,140.34,769.0541165071422,Low Value,Core,About to Sleep,3,Dormant One-Time Customers,Automated nurture,Early-lifecycle or dormant one-time profile,1.0,0.01,718.2370993421129,2.1547112980263385,1.1547112980263385,2.1547112980263385,0.004640992976256146,87.89186079953983,selected
412,18104,2011-12-10,0.7318168304265656,1.0,0.31000000000000005,0.2,1.0,754.64,980.8140815400616,Medium Value,Core,Promising,3,Dormant One-Time Customers,Automated nurture,Early-lifecycle or dormant one-time profile,1.0,0.01,717.7762523903909,2.1533287571711726,1.1533287571711726,2.1533287571711726,0.004643972717448402,87.86310037388554,selected
413,13735,2011-12-10,0.2832246267913425,0.0,0.31000000000000005,0.2,0.9878836078206749,9762.77,4373.8293394879165,High Value,High,Champions,1,High-Value Loyal Customers,Personalized offer,Default scalable retention treatment,10.0,0.03,1238.7761823254893,11.148985640929403,1.1489856409294035,1.1148985640929403,0.02690827754756991,87.83433994823123,selected
414,17030,2011-12-10,0.916747420197069,1.0,0.31000000000000005,0.2,1.0,146.87,781.0647523132385,Low Value,Core,About to Sleep,3,Dormant One-Time Customers,Automated nurture,Early-lifecycle or dormant one-time profile,1.0,0.01,716.039096690024,2.148117290070072,1.148117290070072,2.148117290070072,0.004655239286153596,87.80557952257693,selected
415,17206,2011-12-10,0.8445208484865158,1.0,0.31000000000000005,0.2,1.0,204.24,847.3090000557274,Low Value,Core,Promising,3,Dormant One-Time Customers,Automated nurture,Early-lifecycle or dormant one-time profile,1.0,0.01,715.5701156573242,2.1467103469719726,1.1467103469719726,2.1467103469719726,0.004658290306424167,87.77681909692264,selected
416,12602,2011-12-10,0.8783787628870435,1.0,0.31000000000000005,0.2,1.0,153.12,812.8220973118165,Low Value,Core,Promising,3,Dormant One-Time Customers,Automated nurture,Early-lifecycle or dormant one-time profile,1.0,0.01,713.9656682840055,2.1418970048520163,1.1418970048520163,2.1418970048520163,0.0046687585711857795,87.74805867126834,selected
417,12617,2011-12-10,0.6668210615319236,1.0,0.31000000000000005,0.2,1.0,352.98,1065.005262370533,Low Value,Core,Promising,3,Dormant One-Time Customers,Automated nurture,Early-lifecycle or dormant one-time profile,1.0,0.01,710.1679395910036,2.1305038187730108,1.1305038187730108,2.1305038187730108,0.0046937254521135525,87.71929824561403,selected
418,14485,2011-12-10,0.7301112579903171,1.0,0.31000000000000005,0.2,1.0,162.8,971.2302697395694,Low Value,Core,Promising,3,Dormant One-Time Customers,Automated nurture,Early-lifecycle or dormant one-time profile,1.0,0.01,709.106154037832,2.1273184621134957,1.1273184621134957,2.1273184621134957,0.004700753638016649,87.69053781995973,selected
419,14261,2011-12-10,0.7312238698307185,1.0,0.31000000000000005,0.2,0.9096801752216389,1163.45,968.0858765950765,Medium Value,Core,Potential Loyalists,2,Established Moderate-Value Customers,Automated nurture,Early-lifecycle or dormant one-time profile,1.0,0.01,707.8875010123152,2.1236625030369454,1.1236625030369454,2.1236625030369454,0.004708846149376132,87.66177739430545,selected
420,15930,2011-12-10,0.9333022759095942,1.0,0.31000000000000005,0.2,1.0,426.63,757.4115882163126,Low Value,Core,About to Sleep,3,Dormant One-Time Customers,Automated nurture,Early-lifecycle or dormant one-time profile,1.0,0.01,706.893959082585,2.1206818772477547,1.1206818772477547,2.1206818772477547,0.004715464449094135,87.63301696865113,selected
421,18082,2011-12-10,0.6338104984275861,1.0,0.31000000000000005,0.2,1.0,680.84,1112.8653877946042,Medium Value,Core,Promising,3,Dormant One-Time Customers,Automated nurture,Early-lifecycle or dormant one-time profile,1.0,0.01,705.345766120907,2.116037298362721,1.1160372983627211,2.116037298362721,0.004725814619495354,87.60425654299684,selected
422,13822,2011-12-10,0.6195556602395934,1.0,0.31000000000000005,0.2,0.9510775941960775,632.0,1138.2725674096798,Medium Value,Core,Potential Loyalists,2,Established Moderate-Value Customers,Automated nurture,Early-lifecycle or dormant one-time profile,1.0,0.01,705.2232120341213,2.1156696361023637,1.1156696361023637,2.1156696361023637,0.004726635874220281,87.57549611734254,selected
423,14184,2011-12-10,0.9219746041027459,1.0,0.31000000000000005,0.2,1.0,452.89,763.1879128238933,Low Value,Core,About to Sleep,3,Dormant One-Time Customers,Automated nurture,Early-lifecycle or dormant one-time profile,1.0,0.01,703.6398737818099,2.1109196213454298,1.1109196213454298,2.1109196213454298,0.004737271802716171,87.54673569168824,selected
424,13845,2011-12-10,0.9071218510969372,1.0,0.31000000000000005,0.2,1.0,312.98,775.012330008619,Low Value,Core,About to Sleep,3,Dormant One-Time Customers,Automated nurture,Early-lifecycle or dormant one-time profile,1.0,0.01,703.0306194203688,2.1090918582611065,1.1090918582611065,2.1090918582611065,0.004741377176546853,87.51797526603394,selected
425,12772,2011-12-10,0.8678970593652764,1.0,0.31000000000000005,0.2,1.0,892.47,806.2630564078041,Medium Value,Core,About to Sleep,3,Dormant One-Time Customers,Automated nurture,Early-lifecycle or dormant one-time profile,1.0,0.01,699.7533357311931,2.0992600071935796,1.0992600071935796,2.0992600071935796,0.004763583341621707,87.48921484037963,selected
426,13351,2011-12-10,0.9157832482998506,1.0,0.31000000000000005,0.2,1.0,373.94,763.1879128238933,Low Value,Core,About to Sleep,3,Dormant One-Time Customers,Automated nurture,Early-lifecycle or dormant one-time profile,1.0,0.01,698.9147058690481,2.0967441176071446,1.0967441176071446,2.0967441176071446,0.004769299179631058,87.46045441472535,selected
427,13801,2011-12-10,0.9153795002034953,1.0,0.31000000000000005,0.2,1.0,324.8,763.1879128238933,Low Value,Core,About to Sleep,3,Dormant One-Time Customers,Automated nurture,Early-lifecycle or dormant one-time profile,1.0,0.01,698.6065702020842,2.0958197106062526,1.0958197106062526,2.0958197106062526,0.004771402783070174,87.43169398907104,selected
428,13176,2011-12-10,0.7753380542466242,1.0,0.31000000000000005,0.2,1.0,481.49,900.8959838853565,Low Value,Core,Promising,3,Dormant One-Time Customers,Automated nurture,Early-lifecycle or dormant one-time profile,1.0,0.01,698.4989392242704,2.0954968176728115,1.0954968176728115,2.0954968176728115,0.004772138003581254,87.40293356341674,selected
429,15740,2011-12-10,0.7929420273125705,1.0,0.31000000000000005,0.2,1.0,154.88,877.1109182441054,Low Value,Core,Promising,3,Dormant One-Time Customers,Automated nurture,Early-lifecycle or dormant one-time profile,1.0,0.01,695.4981096904712,2.0864943290714133,1.0864943290714133,2.0864943290714133,0.00479272809931406,87.37417313776244,selected
430,13006,2011-12-10,0.8413778761378685,1.0,0.31000000000000005,0.2,1.0,81.57,826.2699430764857,Low Value,Core,Promising,3,Dormant One-Time Customers,Automated nurture,Early-lifecycle or dormant one-time profile,1.0,0.01,695.2052498222511,2.085615749466753,1.0856157494667529,2.085615749466753,0.004794747068129297,87.34541271210814,selected
431,16432,2011-12-10,0.8967340229480192,1.0,0.31000000000000005,0.2,1.0,287.4,775.012330008619,Low Value,Core,About to Sleep,3,Dormant One-Time Customers,Automated nurture,Early-lifecycle or dormant one-time profile,1.0,0.01,694.9799245229467,2.08493977356884,1.08493977356884,2.08493977356884,0.004796301613491102,87.31665228645385,selected
432,16793,2011-12-10,0.8478110460836862,1.0,0.31000000000000005,0.2,1.0,243.84,819.490138778802,Low Value,Core,Promising,3,Dormant One-Time Customers,Automated nurture,Early-lifecycle or dormant one-time profile,1.0,0.01,694.7727918133213,2.084318375439964,1.0843183754399641,2.084318375439964,0.004797731535562158,87.28789186079953,selected
433,14923,2011-12-10,0.7989211137856816,1.0,0.31000000000000005,0.2,1.0,749.1,869.4629355188805,Medium Value,Core,Promising,3,Dormant One-Time Customers,Automated nurture,Early-lifecycle or dormant one-time profile,1.0,0.01,694.6322968401123,2.0838968905203368,1.0838968905203368,2.0838968905203368,0.0047987019153827035,87.25913143514525,selected
434,17620,2011-12-10,0.8612908956365466,1.0,0.31000000000000005,0.2,1.0,81.44,806.2630564078041,Low Value,Core,About to Sleep,3,Dormant One-Time Customers,Automated nurture,Early-lifecycle or dormant one-time profile,1.0,0.01,694.4270299721371,2.0832810899164116,1.0832810899164116,2.0832810899164116,0.004800120371851134,87.23037100949094,selected
435,15610,2011-12-10,0.8051295793167439,1.0,0.31000000000000005,0.2,1.0,112.46000000000001,861.9489470929135,Low Value,Core,Promising,3,Dormant One-Time Customers,Automated nurture,Early-lifecycle or dormant one-time profile,1.0,0.01,693.9805931654278,2.081941779496283,1.0819417794962831,2.081941779496283,0.0048032082829998525,87.20161058383664,selected
436,14416,2011-12-10,0.7257542781180385,1.0,0.31000000000000005,0.2,0.9340469895929436,490.22,955.6971884041201,Low Value,Core,Potential Loyalists,2,Established Moderate-Value Customers,Automated nurture,Early-lifecycle or dormant one-time profile,1.0,0.01,693.6013230696713,2.0808039692090134,1.0808039692090134,2.0808039692090134,0.004805834738868434,87.17285015818234,selected
437,13771,2011-12-10,0.47612044940933473,1.0,0.31000000000000005,0.2,0.9736455176313538,5728.82,2585.5608209657726,High Value,High,Loyal Customers,1,High-Value Loyal Customers,Personalized offer,Default scalable retention treatment,10.0,0.03,1231.038380053392,11.079345420480527,1.0793454204805268,1.1079345420480526,0.02707741194217488,87.14408973252804,selected
438,16248,2011-12-10,0.8688619407144677,1.0,0.31000000000000005,0.2,1.0,152.94,793.4613772045885,Low Value,Core,About to Sleep,3,Dormant One-Time Customers,Automated nurture,Early-lifecycle or dormant one-time profile,1.0,0.01,689.408392079953,2.068225176239859,1.0682251762398591,2.068225176239859,0.0048350634712708215,87.11532930687375,selected
439,12876,2011-12-10,0.6232744081918947,1.0,0.31000000000000005,0.2,0.9665211225412892,4081.79,1972.9837044558449,High Value,High,Loyal Customers,1,High-Value Loyal Customers,Personalized offer,Default scalable retention treatment,10.0,0.03,1229.7102507669688,11.067392256902718,1.0673922569027177,1.1067392256902717,0.027106656476632098,87.08656888121943,selected
440,16758,2011-12-10,0.8954455084104959,1.0,0.31000000000000005,0.2,1.0,369.34,769.0541165071422,Low Value,Core,About to Sleep,3,Dormant One-Time Customers,Automated nurture,Early-lifecycle or dormant one-time profile,1.0,0.01,688.6460543509227,2.065938163052768,1.0659381630527678,2.065938163052768,0.004840415932499806,87.05780845556515,selected
441,15335,2011-12-10,0.812304787465729,1.0,0.31000000000000005,0.2,1.0,170.22,847.3090000557274,Low Value,Core,Promising,3,Dormant One-Time Customers,Automated nurture,Early-lifecycle or dormant one-time profile,1.0,0.01,688.273157208067,2.064819471624201,1.064819471624201,2.064819471624201,0.004843038404773437,87.02904802991084,selected
442,13858,2011-12-10,0.8391468188151572,1.0,0.31000000000000005,0.2,1.0,216.17,819.490138778802,Low Value,Core,Promising,3,Dormant One-Time Customers,Automated nurture,Early-lifecycle or dormant one-time profile,1.0,0.01,687.6725430066234,2.0630176290198703,1.0630176290198703,2.0630176290198703,0.00484726832157559,87.00028760425654,selected
443,12552,2011-12-10,0.7516973959244214,1.0,0.31000000000000005,0.2,0.9047001047042371,437.82,914.6789134429865,Low Value,Core,Potential Loyalists,3,Dormant One-Time Customers,Automated nurture,Early-lifecycle or dormant one-time profile,1.0,0.01,687.5617573420723,2.0626852720262168,1.0626852720262168,2.0626852720262168,0.004848049353732381,86.97152717860224,selected
444,16855,2011-12-10,0.6020268600449962,1.0,0.31000000000000005,0.2,0.9330479101168976,328.4,1140.832146770527,Low Value,Core,Potential Loyalists,2,Established Moderate-Value Customers,Automated nurture,Early-lifecycle or dormant one-time profile,1.0,0.01,686.8115951586526,2.060434785475958,1.060434785475958,2.060434785475958,0.004853344580711887,86.94276675294795,selected
445,13815,2011-12-10,0.3501469808012501,1.0,0.31000000000000005,0.2,0.9841661844767684,7475.74,3508.601386679457,High Value,High,Champions,1,High-Value Loyal Customers,Personalized offer,Default scalable retention treatment,10.0,0.03,1228.5261823808914,11.056735641428022,1.0567356414280216,1.1056735641428022,0.027132782199833238,86.91400632729365,selected
446,17832,2011-12-10,0.7795009083231353,1.0,0.31000000000000005,0.2,1.0,155.37,877.1109182441054,Low Value,Core,Promising,3,Dormant One-Time Customers,Automated nurture,Early-lifecycle or dormant one-time profile,1.0,0.01,683.7087574714194,2.0511262724142583,1.0511262724142583,2.0511262724142583,0.00487537024633281,86.88524590163934,selected
447,18126,2011-12-10,0.850806931733192,1.0,0.31000000000000005,0.2,1.0,200.92,799.810344538068,Low Value,Core,About to Sleep,3,Dormant One-Time Customers,Automated nurture,Early-lifecycle or dormant one-time profile,1.0,0.01,680.4841852049008,2.0414525556147023,1.0414525556147023,2.0414525556147023,0.004898472890049065,86.85648547598504,selected
448,13095,2011-12-10,0.9184454528576731,1.0,0.31000000000000005,0.2,1.0,74.39999999999999,740.6015505498202,Low Value,Core,About to Sleep,3,Dormant One-Time Customers,Automated nurture,Early-lifecycle or dormant one-time profile,1.0,0.01,680.2021264818245,2.0406063794454736,1.0406063794454736,2.0406063794454736,0.004900504134813819,86.82772505033074,selected
449,12446,2011-12-10,0.8274686082567476,1.0,0.31000000000000005,0.2,1.0,1002.3100000000001,819.490138778802,Medium Value,Core,Promising,3,Dormant One-Time Customers,Automated nurture,Early-lifecycle or dormant one-time profile,1.0,0.01,678.1023646154242,2.0343070938462726,1.0343070938462726,2.0343070938462726,0.004915678675186134,86.79896462467644,selected
450,13876,2011-12-10,0.8676412950343508,1.0,0.31000000000000005,0.2,1.0,122.7,781.0647523132385,Low Value,Core,About to Sleep,3,Dormant One-Time Customers,Automated nurture,Early-lifecycle or dormant one-time profile,1.0,0.01,677.6840332027427,2.0330520996082284,1.0330520996082284,2.0330520996082284,0.004918713102299254,86.77020419902215,selected
451,12488,2011-12-10,0.5028029378387098,1.0,0.31000000000000005,0.2,0.962405689428719,1298.66,2437.885007171177,High Value,High,Loyal Customers,2,Established Moderate-Value Customers,Personalized offer,Default scalable retention treatment,10.0,0.03,1225.775743718612,11.031981693467507,1.0319816934675075,1.1031981693467507,0.02719366368942059,86.74144377336785,selected
452,16380,2011-12-10,0.8522564365928612,1.0,0.31000000000000005,0.2,1.0,1743.15,793.4613772045885,High Value,Core,About to Sleep,3,Dormant One-Time Customers,Automated nurture,Early-lifecycle or dormant one-time profile,1.0,0.01,676.2325659104467,2.02869769773134,1.02869769773134,2.02869769773134,0.004929270640560611,86.71268334771355,selected
453,13866,2011-12-10,0.9395506204882595,1.0,0.31000000000000005,0.2,1.0,145.67000000000002,719.3281149298059,Low Value,Core,About to Sleep,3,Dormant One-Time Customers,Automated nurture,Early-lifecycle or dormant one-time profile,1.0,0.01,675.8451767169493,2.0275355301508475,1.0275355301508475,2.0275355301508475,0.004932096060114914,86.68392292205924,selected
454,12718,2011-12-10,0.9184215750596911,1.0,0.31000000000000005,0.2,1.0,238.25,735.1647099206284,Low Value,Core,About to Sleep,3,Dormant One-Time Customers,Automated nurture,Early-lifecycle or dormant one-time profile,1.0,0.01,675.1911308136044,2.0255733924408132,1.0255733924408132,2.0255733924408132,0.004936873695773627,86.65516249640494,selected
455,17078,2011-12-10,0.6809654978332067,1.0,0.31000000000000005,0.2,1.0,378.2,990.5918620246177,Low Value,Core,Potential Loyalists,3,Dormant One-Time Customers,Automated nurture,Early-lifecycle or dormant one-time profile,1.0,0.01,674.558880473117,2.023676641419351,1.023676641419351,2.023676641419351,0.004941500927236219,86.62640207075066,selected
456,16106,2011-12-10,0.8757701393943316,1.0,0.31000000000000005,0.2,1.0,108.38,769.0541165071422,Low Value,Core,About to Sleep,3,Dormant One-Time Customers,Automated nurture,Early-lifecycle or dormant one-time profile,1.0,0.01,673.5146308152445,2.0205438924457333,1.0205438924457333,2.0205438924457333,0.004949162469267455,86.59764164509635,selected
457,15485,2011-12-10,0.5215371130102353,1.0,0.31000000000000005,0.2,0.9795622641107662,5750.51,2347.753346251876,High Value,High,Champions,1,High-Value Loyal Customers,Personalized offer,Default scalable retention treatment,10.0,0.03,1224.4405022643227,11.019964520378903,1.0199645203789025,1.1019964520378902,0.02722331813729696,86.56888121944205,selected
458,14089,2011-12-10,0.8148778527580284,1.0,0.31000000000000005,0.2,1.0,158.75,826.2699430764857,Low Value,Core,Promising,3,Dormant One-Time Customers,Automated nurture,Early-lifecycle or dormant one-time profile,1.0,0.01,673.3090770126649,2.0199272310379945,1.0199272310379945,2.0199272310379945,0.004950673393744599,86.54012079378775,selected
459,14757,2011-12-10,0.941425534073227,1.0,0.31000000000000005,0.2,1.0,420.5,714.2014887354502,Low Value,Core,About to Sleep,3,Dormant One-Time Customers,Automated nurture,Early-lifecycle or dormant one-time profile,1.0,0.01,672.3675179686651,2.0171025539059952,1.0171025539059952,2.0171025539059952,0.004957606136899492,86.51136036813345,selected
460,12512,2011-12-10,0.8724662273852124,1.0,0.31000000000000005,0.2,1.0,132.18,763.1879128238933,Low Value,Core,Need Attention,3,Dormant One-Time Customers,Automated nurture,Early-lifecycle or dormant one-time profile,1.0,0.01,665.8556790874566,1.9975670372623697,0.9975670372623697,1.9975670372623697,0.005006089814990552,86.48259994247914,selected
461,13347,2011-12-10,0.8987783808939117,1.0,0.31000000000000005,0.2,1.0,341.36,740.6015505498202,Low Value,Core,About to Sleep,3,Dormant One-Time Customers,Automated nurture,Early-lifecycle or dormant one-time profile,1.0,0.01,665.636662490688,1.996909987472064,0.9969099874720639,1.996909987472064,0.005007736985010145,86.45383951682484,selected
462,17824,2011-12-10,0.7720376775293717,1.0,0.31000000000000005,0.2,1.0,298.4,861.9489470929135,Low Value,Core,Promising,3,Dormant One-Time Customers,Automated nurture,Early-lifecycle or dormant one-time profile,1.0,0.01,665.4570632625002,1.9963711897875007,0.9963711897875007,1.9963711897875007,0.005009088515780689,86.42507909117056,selected
463,15450,2011-12-10,0.6305611059690432,1.0,0.31000000000000005,0.2,1.0,429.84,1053.6865033946588,Low Value,Core,Promising,3,Dormant One-Time Customers,Automated nurture,Early-lifecycle or dormant one-time profile,1.0,0.01,664.4137269251901,1.99324118077557,0.9932411807755701,1.99324118077557,0.005016954343733256,86.39631866551625,selected
464,13348,2011-12-10,0.8569350680967844,1.0,0.31000000000000005,0.2,1.0,233.76,775.012330008619,Low Value,Core,About to Sleep,3,Dormant One-Time Customers,Automated nurture,Early-lifecycle or dormant one-time profile,1.0,0.01,664.1352437917834,1.99240573137535,0.99240573137535,1.99240573137535,0.005019058037489702,86.36755823986195,selected
465,16236,2011-12-10,0.9488483731501494,1.0,0.31000000000000005,0.2,1.0,432.2,699.2556083013226,Low Value,Core,About to Sleep,3,Dormant One-Time Customers,Automated nurture,Early-lifecycle or dormant one-time profile,1.0,0.01,663.487546352828,1.9904626390584839,0.9904626390584839,1.9904626390584839,0.005023957648725393,86.33879781420765,selected
466,14952,2011-12-10,0.2734233280070747,0.0,0.31000000000000005,0.2,0.9749005948383305,17629.35,7770.124810744023,High Value,Strategic,Loyal Customers,1,High-Value Loyal Customers,High-touch value protection,Top 5% predictive revenue CLV,50.0,0.08,2124.5333847839725,50.988801234815334,0.9888012348153339,1.0197760246963066,0.07844859857714767,86.31003738855335,selected
467,16363,2011-12-10,0.7804734958171171,1.0,0.31000000000000005,0.2,1.0,109.36000000000001,847.3090000557274,Low Value,Core,Promising,3,Dormant One-Time Customers,Automated nurture,Early-lifecycle or dormant one-time profile,1.0,0.01,661.3022173107995,1.9839066519323985,0.9839066519323985,1.9839066519323985,0.0050405597411852165,86.28127696289906,selected
468,16423,2011-12-10,0.587153497481165,1.0,0.31000000000000005,0.2,1.0,346.12,1125.5219375155368,Low Value,Core,Promising,3,Dormant One-Time Customers,Automated nurture,Early-lifecycle or dormant one-time profile,1.0,0.01,660.8541421040246,1.9825624263120738,0.9825624263120738,1.9825624263120738,0.005043977363477939,86.25251653724474,selected
469,16999,2011-12-10,0.6064226103847961,1.0,0.31000000000000005,0.2,0.9394376802367755,484.82000000000005,1089.7209808650016,Low Value,Core,Potential Loyalists,2,Established Moderate-Value Customers,Automated nurture,Early-lifecycle or dormant one-time profile,1.0,0.01,660.8314418072347,1.9824943254217038,0.9824943254217038,1.9824943254217038,0.0050441506297239265,86.22375611159046,selected
470,17813,2011-12-10,0.29686172147833356,0.0,0.31000000000000005,0.2,0.9671591338293132,1698.07,4108.56229405222,High Value,High,Champions,1,High-Value Loyal Customers,Personalized offer,Default scalable retention treatment,10.0,0.03,1219.6748754133132,10.97707387871982,0.9770738787198194,1.0977073878719819,0.027329687612067614,86.19499568593615,selected
471,17481,2011-12-10,0.45239204979422143,1.0,0.31000000000000005,0.2,0.9740340466556551,1255.59,2694.3176351949564,High Value,High,Loyal Customers,1,High-Value Loyal Customers,Personalized offer,Default scalable retention treatment,10.0,0.03,1218.8878777825657,10.969990900043092,0.9699909000430917,1.0969990900043092,0.027347333533232154,86.16623526028185,selected
472,13680,2011-12-10,0.4206612976680938,1.0,0.31000000000000005,0.2,0.9914021556868983,11419.67,5047.984265685306,High Value,Strategic,Champions,1,High-Value Loyal Customers,High-touch value protection,Top 5% predictive revenue CLV,50.0,0.08,2123.4916118113006,50.96379868347121,0.9637986834712109,1.0192759736694241,0.07848708501584471,86.13747483462755,selected
473,13419,2011-12-10,0.837816792190125,1.0,0.31000000000000005,0.2,1.0,221.06,781.0647523132385,Low Value,Core,About to Sleep,3,Dormant One-Time Customers,Automated nurture,Early-lifecycle or dormant one-time profile,1.0,0.01,654.389165275852,1.9631674958275558,0.9631674958275558,1.9631674958275558,0.005093808868195726,86.10871440897326,selected
474,14317,2011-12-10,0.8442915437560008,1.0,0.31000000000000005,0.2,1.0,508.58000000000004,775.012330008619,Low Value,Core,About to Sleep,3,Dormant One-Time Customers,Automated nurture,Early-lifecycle or dormant one-time profile,1.0,0.01,654.3363565329121,1.9630090695987361,0.9630090695987361,1.9630090695987361,0.005094219968145193,86.07995398331896,selected
475,16364,2011-12-10,0.6331343625730192,1.0,0.31000000000000005,0.2,0.9506200882791548,705.79,1029.0858944619104,Medium Value,Core,Potential Loyalists,2,Established Moderate-Value Customers,Automated nurture,Early-lifecycle or dormant one-time profile,1.0,0.01,651.549641823027,1.9546489254690809,0.9546489254690809,1.9546489254690809,0.00511600823539203,86.05119355766465,selected
476,16181,2011-12-10,0.8967556386147629,1.0,0.31000000000000005,0.2,1.0,305.54,724.5297386517599,Low Value,Core,About to Sleep,3,Dormant One-Time Customers,Automated nurture,Early-lifecycle or dormant one-time profile,1.0,0.01,649.7261284800462,1.9491783854401386,0.9491783854401386,1.9491783854401386,0.0051303667610401536,86.02243313201036,selected
477,14801,2011-12-10,0.8155566208543451,1.0,0.31000000000000005,0.2,1.0,189.34,793.4613772045885,Low Value,Core,About to Sleep,3,Dormant One-Time Customers,Automated nurture,Early-lifecycle or dormant one-time profile,1.0,0.01,647.1126795714091,1.9413380387142272,0.9413380387142272,1.9413380387142272,0.005151086415956248,85.99367270635605,selected
478,16052,2011-12-10,0.7684392014980082,1.0,0.31000000000000005,0.2,1.0,362.06,840.1763665341845,Low Value,Core,Promising,3,Dormant One-Time Customers,Automated nurture,Early-lifecycle or dormant one-time profile,1.0,0.01,645.6244562170265,1.9368733686510793,0.9368733686510793,1.9368733686510793,0.00516296014073673,85.96491228070175,selected
479,13886,2011-12-10,0.8740916464735344,1.0,0.31000000000000005,0.2,1.0,243.56,735.1647099206284,Low Value,Core,About to Sleep,3,Dormant One-Time Customers,Automated nurture,Early-lifecycle or dormant one-time profile,1.0,0.01,642.6013317237604,1.9278039951712813,0.9278039951712813,1.9278039951712813,0.005187249339169215,85.93615185504746,selected
480,16627,2011-12-10,0.9249814479168037,1.0,0.31000000000000005,0.2,1.0,322.8,694.4132118381261,Low Value,Core,About to Sleep,3,Dormant One-Time Customers,Automated nurture,Early-lifecycle or dormant one-time profile,1.0,0.01,642.319338138588,1.926958014415764,0.9269580144157641,1.926958014415764,0.005189526665962106,85.90739142939316,selected
481,16179,2011-12-10,0.7993119732790303,1.0,0.31000000000000005,0.2,1.0,215.83,799.810344538068,Low Value,Core,About to Sleep,3,Dormant One-Time Customers,Automated nurture,Early-lifecycle or dormant one-time profile,1.0,0.01,639.2979847417041,1.917893954225112,0.9178939542251121,1.917893954225112,0.005214052621611347,85.87863100373886,selected
482,15355,2011-12-10,0.678017038138169,1.0,0.31000000000000005,0.2,0.9283945222038784,277.05,941.2869966373725,Low Value,Core,Potential Loyalists,3,Dormant One-Time Customers,Automated nurture,Early-lifecycle or dormant one-time profile,1.0,0.01,638.208621498044,1.9146258644941319,0.9146258644941319,1.9146258644941319,0.005222952528452406,85.84987057808455,selected
483,18033,2011-12-10,0.8288739277851173,1.0,0.31000000000000005,0.2,1.0,93.82000000000001,769.0541165071422,Low Value,Core,About to Sleep,3,Dormant One-Time Customers,Automated nurture,Early-lifecycle or dormant one-time profile,1.0,0.01,637.4489062285882,1.9123467186857646,0.9123467186857646,1.9123467186857646,0.005229177273288795,85.82111015243026,selected
484,15300,2011-12-10,0.8211035192619451,1.0,0.31000000000000005,0.2,1.0,496.44,775.012330008619,Low Value,Core,About to Sleep,3,Dormant One-Time Customers,Automated nurture,Early-lifecycle or dormant one-time profile,1.0,0.01,636.365351641477,1.909096054924431,0.9090960549244309,1.909096054924431,0.0052380811191796404,85.79234972677595,selected
485,13193,2011-12-10,0.8010039181715,1.0,0.31000000000000005,0.2,1.0,112.08,793.4613772045885,Low Value,Core,About to Sleep,3,Dormant One-Time Customers,Automated nurture,Early-lifecycle or dormant one-time profile,1.0,0.01,635.5656720586298,1.9066970161758896,0.9066970161758896,1.9066970161758896,0.005244671762300339,85.76358930112166,selected
486,17957,2011-12-10,0.8327613382680864,1.0,0.31000000000000005,0.2,1.0,111.67999999999999,763.1879128238933,Low Value,Core,About to Sleep,3,Dormant One-Time Customers,Automated nurture,Early-lifecycle or dormant one-time profile,1.0,0.01,635.553387633253,1.906660162899759,0.906660162899759,1.906660162899759,0.005244773135025501,85.73482887546736,selected
487,16881,2011-12-10,0.8315927733492064,1.0,0.31000000000000005,0.2,1.0,432.0,763.1879128238933,Low Value,Core,About to Sleep,3,Dormant One-Time Customers,Automated nurture,Early-lifecycle or dormant one-time profile,1.0,0.01,634.6615530118138,1.9039846590354412,0.9039846590354412,1.9039846590354412,0.005252143158057797,85.70606844981306,selected
488,17549,2011-12-10,0.745711657366382,1.0,0.31000000000000005,0.2,0.9351514777080026,148.85999999999999,850.1460406132448,Low Value,Core,Potential Loyalists,3,Dormant One-Time Customers,Automated nurture,Early-lifecycle or dormant one-time profile,1.0,0.01,633.9638129491703,1.901891438847511,0.901891438847511,1.901891438847511,0.005257923662593328,85.67730802415876,selected
489,13228,2011-12-10,0.9254000677495526,1.0,0.31000000000000005,0.2,1.0,358.0,684.9290294136084,Low Value,Core,About to Sleep,3,Dormant One-Time Customers,Automated nurture,Early-lifecycle or dormant one-time profile,1.0,0.01,633.8333702229886,1.9015001106689657,0.9015001106689657,1.9015001106689657,0.005259005741778213,85.64854759850445,selected
490,13127,2011-12-10,0.8990985494325449,1.0,0.31000000000000005,0.2,1.0,259.17,704.1667881413778,Low Value,Core,About to Sleep,3,Dormant One-Time Customers,Automated nurture,Early-lifecycle or dormant one-time profile,1.0,0.01,633.1153377764869,1.8993460133294606,0.8993460133294606,1.8993460133294606,0.005264970115935058,85.61978717285015,selected
491,17628,2011-12-10,0.9224297285586611,1.0,0.31000000000000005,0.2,1.0,75.75,684.9290294136084,Low Value,Core,About to Sleep,3,Dormant One-Time Customers,Automated nurture,Early-lifecycle or dormant one-time profile,1.0,0.01,631.7988986839421,1.895396696051826,0.895396696051826,1.895396696051826,0.005275940398561594,85.59102674719585,selected
492,13390,2011-12-10,0.8767787726661902,1.0,0.31000000000000005,0.2,1.0,544.08,719.3281149298059,Low Value,Core,About to Sleep,3,Dormant One-Time Customers,Automated nurture,Early-lifecycle or dormant one-time profile,1.0,0.01,630.6916217524395,1.8920748652573185,0.8920748652573185,1.8920748652573185,0.0052852031299723545,85.56226632154156,selected
493,16311,2011-12-10,0.5100295745677024,1.0,0.31000000000000005,0.2,0.9411501089532072,616.26,1235.8662736343986,Medium Value,Core,Potential Loyalists,2,Established Moderate-Value Customers,Automated nurture,Early-lifecycle or dormant one-time profile,1.0,0.01,630.328349764324,1.8909850492929718,0.8909850492929718,1.8909850492929718,0.005288249107912799,85.53350589588726,selected
494,15744,2011-12-10,0.8925501841588865,1.0,0.31000000000000005,0.2,1.0,34.8,704.1667881413778,Low Value,Core,About to Sleep,3,Dormant One-Time Customers,Automated nurture,Early-lifecycle or dormant one-time profile,1.0,0.01,628.5041964341584,1.8855125893024751,0.8855125893024751,1.8855125893024751,0.005303597576985361,85.50474547023296,selected
495,17415,2011-12-10,0.9040858583483596,1.0,0.31000000000000005,0.2,1.0,507.84,694.4132118381261,Low Value,Core,About to Sleep,3,Dormant One-Time Customers,Automated nurture,Early-lifecycle or dormant one-time profile,1.0,0.01,627.8091646731135,1.8834274940193405,0.8834274940193405,1.8834274940193405,0.005309469056682101,85.47598504457866,selected
496,12420,2011-12-10,0.8037753844032888,1.0,0.31000000000000005,0.2,1.0,600.39,781.0647523132385,Low Value,Core,About to Sleep,3,Dormant One-Time Customers,Automated nurture,Early-lifecycle or dormant one-time profile,1.0,0.01,627.8006215344328,1.8834018646032984,0.8834018646032984,1.8834018646032984,0.005309541308172329,85.44722461892435,selected
497,17520,2011-12-10,0.740876343632208,1.0,0.31000000000000005,0.2,1.0,546.81,847.3090000557274,Low Value,Core,Promising,3,Dormant One-Time Customers,Automated nurture,Early-lifecycle or dormant one-time profile,1.0,0.01,627.7511938879496,1.883253581663849,0.8832535816638489,1.883253581663849,0.005309959368915699,85.41846419327005,selected
498,13774,2011-12-10,0.9162348125209532,1.0,0.31000000000000005,0.2,1.0,345.0,684.9290294136084,Low Value,Core,About to Sleep,3,Dormant One-Time Customers,Automated nurture,Early-lifecycle or dormant one-time profile,1.0,0.01,627.555820854936,1.8826674625648079,0.8826674625648079,1.8826674625648079,0.00531161248539173,85.38970376761577,selected
499,17475,2011-12-10,0.9029485669147372,1.0,0.31000000000000005,0.2,1.0,194.37,694.4132118381261,Low Value,Core,About to Sleep,3,Dormant One-Time Customers,Automated nurture,Early-lifecycle or dormant one-time profile,1.0,0.01,627.0194144758958,1.8810582434276875,0.8810582434276875,1.8810582434276875,0.005316156495918956,85.36094334196146,selected
500,12667,2011-12-10,0.7705523776696281,1.0,0.31000000000000005,0.2,1.0,620.13,812.8220973118165,Medium Value,Core,Promising,3,Dormant One-Time Customers,Automated nurture,Early-lifecycle or dormant one-time profile,1.0,0.01,626.321999706034,1.878965999118102,0.878965999118102,1.878965999118102,0.005322076080511051,85.33218291630716,selected
501,15739,2011-12-10,0.8194756840132517,1.0,0.31000000000000005,0.2,1.0,449.12,763.1879128238933,Low Value,Core,About to Sleep,3,Dormant One-Time Customers,Automated nurture,Early-lifecycle or dormant one-time profile,1.0,0.01,625.4139368920058,1.8762418106760175,0.8762418106760175,1.8762418106760175,0.005329803409719859,85.30342249065286,selected
502,15286,2011-12-10,0.7106303605442974,1.0,0.31000000000000005,0.2,1.0,240.55,877.1109182441054,Low Value,Core,Promising,3,Dormant One-Time Customers,Automated nurture,Early-lifecycle or dormant one-time profile,1.0,0.01,623.3016480691484,1.8699049442074451,0.8699049442074451,1.8699049442074451,0.005347865425447323,85.24590163934425,selected
503,14921,2011-12-10,0.7162330958823008,1.0,0.31000000000000005,0.2,0.9453930539317389,1316.07,869.8304303449005,High Value,Core,Potential Loyalists,2,Established Moderate-Value Customers,Automated nurture,Early-lifecycle or dormant one-time profile,1.0,0.01,623.001342018562,1.869004026055686,0.8690040260556859,1.869004026055686,0.0053504432631447186,85.21714121368996,selected
504,14785,2011-12-10,0.7921642381672491,1.0,0.31000000000000005,0.2,0.9434786762801046,77.4,786.1696212727094,Low Value,Core,Potential Loyalists,3,Dormant One-Time Customers,Automated nurture,Early-lifecycle or dormant one-time profile,1.0,0.01,622.7754591057306,1.8683263773171919,0.8683263773171919,1.8683263773171919,0.005352383888279423,85.18838078803567,selected
505,15185,2011-12-10,0.8388992436299872,1.0,0.31000000000000005,0.2,1.0,310.62,740.6015505498202,Low Value,Core,About to Sleep,3,Dormant One-Time Customers,Automated nurture,Early-lifecycle or dormant one-time profile,1.0,0.01,621.2900805874399,1.8638702417623194,0.8638702417623194,1.8638702417623194,0.0053651803521176655,85.15962036238136,selected
506,12522,2011-12-10,0.8119749423470384,1.0,0.31000000000000005,0.2,0.9118655994175326,192.72,764.8501341952043,Low Value,Core,Potential Loyalists,3,Dormant One-Time Customers,Automated nurture,Early-lifecycle or dormant one-time profile,1.0,0.01,621.0391436172756,1.8631174308518268,0.8631174308518268,1.8631174308518268,0.005367348205973226,85.13085993672706,selected
507,13354,2011-12-10,0.8429577316540032,1.0,0.31000000000000005,0.2,1.0,743.53,735.1647099206284,Medium Value,Core,About to Sleep,3,Dormant One-Time Customers,Automated nurture,Early-lifecycle or dormant one-time profile,1.0,0.01,619.7127762667662,1.8591383288002987,0.8591383288002987,1.8591383288002987,0.005378835907521199,85.10209951107277,selected
508,15491,2011-12-10,0.4769391387425676,1.0,0.31000000000000005,0.2,0.891074684149247,3100.09,2529.7418395601694,High Value,High,Loyal Customers,2,Established Moderate-Value Customers,Personalized offer,Default scalable retention treatment,10.0,0.03,1206.532894200866,10.858796047807793,0.8587960478077932,1.0858796047807793,0.027627372194780737,85.07333908541847,selected
509,17447,2011-12-10,0.7118114560881478,1.0,0.31000000000000005,0.2,0.9206277491145203,541.53,868.4623961538596,Low Value,Core,Potential Loyalists,2,Established Moderate-Value Customers,Automated nurture,Early-lifecycle or dormant one-time profile,1.0,0.01,618.1814827640806,1.8545444482922417,0.8545444482922417,1.8545444482922417,0.005392159788463687,85.04457865976417,selected
510,14642,2011-12-10,0.7596431325190374,1.0,0.31000000000000005,0.2,1.0,96.12,812.8220973118165,Low Value,Core,Promising,3,Dormant One-Time Customers,Automated nurture,Early-lifecycle or dormant one-time profile,1.0,0.01,617.454724182642,1.852364172547926,0.8523641725479261,1.852364172547926,0.005398506486035629,85.01581823410986,selected
511,12740,2011-12-10,0.7886356128678962,1.0,0.31000000000000005,0.2,1.0,427.6,781.0647523132385,Low Value,Core,About to Sleep,3,Dormant One-Time Customers,Automated nurture,Early-lifecycle or dormant one-time profile,1.0,0.01,615.9754796300624,1.847926438890187,0.847926438890187,1.847926438890187,0.005411470819155399,84.98705780845557,selected
512,18192,2011-12-10,0.8376122820326097,1.0,0.31000000000000005,0.2,1.0,957.97,735.1647099206284,Medium Value,Core,About to Sleep,3,Dormant One-Time Customers,Automated nurture,Early-lifecycle or dormant one-time profile,1.0,0.01,615.7829903464591,1.8473489710393771,0.8473489710393771,1.8473489710393771,0.00541316240557066,84.95829738280126,selected
513,15612,2011-12-10,0.7805318418525595,1.0,0.31000000000000005,0.2,0.9219434053662251,195.15,788.4525862212984,Low Value,Core,Potential Loyalists,3,Dormant One-Time Customers,Automated nurture,Early-lifecycle or dormant one-time profile,1.0,0.01,615.412349336724,1.8462370480101717,0.8462370480101717,1.8462370480101717,0.005416422561110313,84.92953695714696,selected
514,18169,2011-12-10,0.7682815353410771,1.0,0.31000000000000005,0.2,1.0,202.65,799.810344538068,Low Value,Core,About to Sleep,3,Dormant One-Time Customers,Automated nurture,Early-lifecycle or dormant one-time profile,1.0,0.01,614.4795194833828,1.8434385584501483,0.8434385584501483,1.8434385584501483,0.005424645130786131,84.90077653149267,selected
515,15553,2011-12-10,0.7650058222897583,1.0,0.31000000000000005,0.2,1.0,428.93,799.810344538068,Low Value,Core,About to Sleep,3,Dormant One-Time Customers,Automated nurture,Early-lifecycle or dormant one-time profile,1.0,0.01,611.8595702991996,1.8355787108975987,0.8355787108975987,1.8355787108975987,0.0054478731642676305,84.87201610583837,selected
516,15592,2011-12-10,0.6790491774153411,1.0,0.31000000000000005,0.2,1.0,388.58,900.8959838853565,Low Value,Core,Promising,3,Dormant One-Time Customers,Automated nurture,Early-lifecycle or dormant one-time profile,1.0,0.01,611.7526767941357,1.835258030382407,0.8352580303824071,1.835258030382407,0.005448825088598758,84.84325568018407,selected
517,14027,2011-12-10,0.7639632953738229,1.0,0.31000000000000005,0.2,1.0,104.82,799.810344538068,Low Value,Core,About to Sleep,3,Dormant One-Time Customers,Automated nurture,Early-lifecycle or dormant one-time profile,1.0,0.01,611.025746487375,1.833077239462125,0.8330772394621251,1.833077239462125,0.005455307493171577,84.81449525452976,selected
518,17079,2011-12-10,0.8731215349686509,1.0,0.31000000000000005,0.2,1.0,118.80000000000001,699.2556083013226,Low Value,Core,About to Sleep,3,Dormant One-Time Customers,Automated nurture,Early-lifecycle or dormant one-time profile,1.0,0.01,610.5351300554885,1.8316053901664653,0.8316053901664653,1.8316053901664653,0.005459691292506597,84.78573482887548,selected
519,16591,2011-12-10,0.808924534374657,1.0,0.31000000000000005,0.2,1.0,213.5,751.7230775483976,Low Value,Core,About to Sleep,3,Dormant One-Time Customers,Automated nurture,Early-lifecycle or dormant one-time profile,1.0,0.01,608.0872404845217,1.8242617214535648,0.8242617214535648,1.8242617214535648,0.005481669588523755,84.75697440322116,selected
520,14566,2011-12-10,0.5580336786461513,1.0,0.31000000000000005,0.2,0.9502435802796838,4092.0,2155.2169138043027,High Value,High,Loyal Customers,2,Established Moderate-Value Customers,Personalized offer,Default scalable retention treatment,10.0,0.03,1202.6836226906203,10.824152604215582,0.8241526042155822,1.0824152604215582,0.02771579549637556,84.72821397756687,selected
521,14518,2011-12-10,0.7830482065067228,1.0,0.31000000000000005,0.2,1.0,174.37,775.012330008619,Low Value,Core,About to Sleep,3,Dormant One-Time Customers,Automated nurture,Early-lifecycle or dormant one-time profile,1.0,0.01,606.8720150338455,1.8206160451015365,0.8206160451015365,1.8206160451015365,0.005492646308871949,84.69945355191257,selected
522,16613,2011-12-10,0.8187705513054099,1.0,0.31000000000000005,0.2,1.0,618.59,740.6015505498202,Medium Value,Core,About to Sleep,3,Dormant One-Time Customers,Automated nurture,Early-lifecycle or dormant one-time profile,1.0,0.01,606.3827398413176,1.8191482195239528,0.8191482195239528,1.8191482195239528,0.0054970781889432125,84.67069312625827,selected
523,14050,2011-12-10,0.6439696580413413,1.0,0.31000000000000005,0.2,0.9377129524652991,746.36,940.8791253016257,Medium Value,Core,Potential Loyalists,2,Established Moderate-Value Customers,Automated nurture,Early-lifecycle or dormant one-time profile,1.0,0.01,605.8976085787242,1.8176928257361726,0.8176928257361726,1.8176928257361726,0.005501479600080372,84.64193270060397,selected
524,12613,2011-12-10,0.45630429919566684,1.0,0.31000000000000005,0.2,0.9778799131135383,6817.37,2633.6830371434207,High Value,High,Champions,1,High-Value Loyal Customers,Personalized offer,Default scalable retention treatment,10.0,0.03,1201.760892567244,10.815848033105194,0.815848033105194,1.0815848033105193,0.027737076101823795,84.61317227494966,selected
525,17502,2011-12-10,0.5213866594851617,1.0,0.31000000000000005,0.2,0.9646171136580491,689.1,2304.918378604286,Medium Value,High,Loyal Customers,2,Established Moderate-Value Customers,Personalized offer,Default scalable retention treatment,10.0,0.03,1201.7536938064438,10.815783244257995,0.8157832442579949,1.0815783244257995,0.027737242252822272,84.58441184929538,selected
526,13690,2011-12-10,0.7504707196881731,1.0,0.31000000000000005,0.2,1.0,172.25,806.2630564078041,Low Value,Core,Promising,3,Dormant One-Time Customers,Automated nurture,Early-lifecycle or dormant one-time profile,1.0,0.01,605.0768162003509,1.8152304486010526,0.8152304486010526,1.8152304486010526,0.005508942408776098,84.55565142364107,selected
527,12571,2011-12-10,0.6808595445714556,1.0,0.31000000000000005,0.2,0.934172672432677,519.61,888.2180614597236,Low Value,Core,Potential Loyalists,2,Established Moderate-Value Customers,Automated nurture,Early-lifecycle or dormant one-time profile,1.0,0.01,604.7517448056085,1.8142552344168252,0.8142552344168252,1.8142552344168252,0.005511903623204594,84.52689099798677,selected
528,15475,2011-12-10,0.8588140388817036,1.0,0.31000000000000005,0.2,1.0,454.11,704.1667881413778,Low Value,Core,About to Sleep,3,Dormant One-Time Customers,Automated nurture,Early-lifecycle or dormant one-time profile,1.0,0.01,604.7483233700535,1.8142449701101604,0.8142449701101604,1.8142449701101604,0.005511934807454807,84.49813057233247,selected
529,15348,2011-12-10,0.8275473868513542,1.0,0.31000000000000005,0.2,1.0,158.04,729.8080301566001,Low Value,Core,About to Sleep,3,Dormant One-Time Customers,Automated nurture,Early-lifecycle or dormant one-time profile,1.0,0.01,603.9507282592288,1.8118521847776863,0.8118521847776863,1.8118521847776863,0.005519214030821724,84.46937014667817,selected
530,15075,2011-12-10,0.8571484492545947,1.0,0.31000000000000005,0.2,1.0,773.03,704.1667881413778,Medium Value,Core,About to Sleep,3,Dormant One-Time Customers,Automated nurture,Early-lifecycle or dormant one-time profile,1.0,0.01,603.5754704719707,1.810726411415912,0.8107264114159121,1.810726411415912,0.0055226454625911265,84.44060972102388,selected
531,17614,2011-12-10,0.7355834125497375,1.0,0.31000000000000005,0.2,1.0,386.32,819.490138778802,Low Value,Core,Promising,3,Dormant One-Time Customers,Automated nurture,Early-lifecycle or dormant one-time profile,1.0,0.01,602.8033528337692,1.8084100585013074,0.8084100585013074,1.8084100585013074,0.005529719298446807,84.41184929536956,selected
532,13325,2011-12-10,0.878631278734408,1.0,0.31000000000000005,0.2,1.0,675.3,684.9290294136084,Medium Value,Core,About to Sleep,3,Dormant One-Time Customers,Automated nurture,Early-lifecycle or dormant one-time profile,1.0,0.01,601.8000689559957,1.805400206867987,0.8054002068679871,1.805400206867987,0.005538938104669893,84.38308886971527,selected
533,17733,2011-12-10,0.7551610083566241,1.0,0.31000000000000005,0.2,0.945068619368887,692.19,796.810814496253,Medium Value,Core,Potential Loyalists,2,Established Moderate-Value Customers,Automated nurture,Early-lifecycle or dormant one-time profile,1.0,0.01,601.7204581444533,1.80516137443336,0.8051613744333601,1.80516137443336,0.0055396709355910075,84.35432844406098,selected
534,13061,2011-12-10,0.8194235515370143,1.0,0.31000000000000005,0.2,1.0,248.61,729.8080301566001,Low Value,Core,About to Sleep,3,Dormant One-Time Customers,Automated nurture,Early-lifecycle or dormant one-time profile,1.0,0.01,598.0218880111537,1.7940656640334611,0.7940656640334611,1.7940656640334611,0.005573931991718611,84.32556801840667,selected
535,14652,2011-12-10,0.8486917176139271,1.0,0.31000000000000005,0.2,1.0,114.17999999999999,704.1667881413778,Low Value,Core,About to Sleep,3,Dormant One-Time Customers,Automated nurture,Early-lifecycle or dormant one-time profile,1.0,0.01,597.6205209143883,1.7928615627431648,0.7928615627431648,1.7928615627431648,0.0055776754925235365,84.29680759275237,selected
536,14054,2011-12-10,0.7769472374333105,1.0,0.31000000000000005,0.2,1.0,92.46,769.0541165071422,Low Value,Core,About to Sleep,3,Dormant One-Time Customers,Automated nurture,Early-lifecycle or dormant one-time profile,1.0,0.01,597.5144712569395,1.7925434137708185,0.7925434137708185,1.7925434137708185,0.005578665444405537,84.26804716709808,selected
537,15054,2011-12-10,0.5930909792922672,1.0,0.31000000000000005,0.2,0.9448458346509234,302.1,1004.0661663773801,Low Value,Core,Potential Loyalists,2,Established Moderate-Value Customers,Automated nurture,Early-lifecycle or dormant one-time profile,1.0,0.01,595.5025858909928,1.7865077576729784,0.7865077576729784,1.7865077576729784,0.0055975127771208414,84.23928674144378,selected
538,14792,2011-12-10,0.7614953886991622,1.0,0.31000000000000005,0.2,1.0,6.2,781.0647523132385,Low Value,Core,About to Sleep,3,Dormant One-Time Customers,Automated nurture,Early-lifecycle or dormant one-time profile,1.0,0.01,594.7772071619844,1.784331621485953,0.784331621485953,1.784331621485953,0.005604339394978728,84.21052631578947,selected
539,16616,2011-12-10,0.7464010692125903,1.0,0.31000000000000005,0.2,0.9495164279646424,500.41999999999996,796.3822574687808,Low Value,Core,Potential Loyalists,2,Established Moderate-Value Customers,Automated nurture,Early-lifecycle or dormant one-time profile,1.0,0.01,594.4205684766343,1.783261705429903,0.7832617054299029,1.783261705429903,0.005607701869866169,84.18176589013517,selected
540,15175,2011-12-10,0.8080895772704921,1.0,0.31000000000000005,0.2,1.0,224.14,735.1647099206284,Low Value,Core,About to Sleep,3,Dormant One-Time Customers,Automated nurture,Early-lifecycle or dormant one-time profile,1.0,0.01,594.0789396639445,1.7822368189918336,0.7822368189918336,1.7822368189918336,0.005610926613925947,84.15300546448088,selected
541,16803,2011-12-10,0.7713082942884254,1.0,0.31000000000000005,0.2,1.0,332.3,769.0541165071422,Low Value,Core,About to Sleep,3,Dormant One-Time Customers,Automated nurture,Early-lifecycle or dormant one-time profile,1.0,0.01,593.1778188186158,1.7795334564558476,0.7795334564558476,1.7795334564558476,0.005619450403543516,84.12424503882657,selected
542,17498,2011-12-10,0.83038304369107,1.0,0.31000000000000005,0.2,1.0,272.22,714.2014887354502,Low Value,Core,About to Sleep,3,Dormant One-Time Customers,Automated nurture,Early-lifecycle or dormant one-time profile,1.0,0.01,593.0608060248366,1.7791824180745097,0.7791824180745097,1.7791824180745097,0.005620559139080485,84.09548461317227,selected
543,14354,2011-12-10,0.7013608912242557,1.0,0.31000000000000005,0.2,0.9506206860291387,163.62,844.5469118638543,Low Value,Core,Potential Loyalists,3,Dormant One-Time Customers,Automated nurture,Early-lifecycle or dormant one-time profile,1.0,0.01,592.3321747855258,1.7769965243565775,0.7769965243565775,1.7769965243565775,0.005627473021434774,84.06672418751798,selected
544,13372,2011-12-10,0.9111480532298925,1.0,0.31000000000000005,0.2,1.0,378.64,649.4733599891082,Low Value,Core,About to Sleep,3,Dormant One-Time Customers,Automated nurture,Early-lifecycle or dormant one-time profile,1.0,0.01,591.7663875787531,1.7752991627362593,0.7752991627362593,1.7752991627362593,0.005632853442338728,84.03796376186368,selected
545,17279,2011-12-10,0.7209449901517051,1.0,0.31000000000000005,0.2,1.0,187.82999999999998,819.490138778802,Low Value,Core,Promising,3,Dormant One-Time Customers,Automated nurture,Early-lifecycle or dormant one-time profile,1.0,0.01,590.8073100313029,1.7724219300939086,0.7724219300939086,1.7724219300939086,0.005641997444406574,84.00920333620937,selected
546,13336,2011-12-10,0.8314558368227448,1.0,0.31000000000000005,0.2,1.0,795.12,704.1667881413778,Medium Value,Core,About to Sleep,3,Dormant One-Time Customers,Automated nurture,Early-lifecycle or dormant one-time profile,1.0,0.01,585.4835860968738,1.7564507582906213,0.7564507582906213,1.7564507582906213,0.005693299372498211,83.98044291055507,selected
547,12550,2011-12-10,0.8421614893312254,1.0,0.31000000000000005,0.2,1.0,964.8299999999999,694.4132118381261,Medium Value,Core,About to Sleep,3,Dormant One-Time Customers,Automated nurture,Early-lifecycle or dormant one-time profile,1.0,0.01,584.808064692876,1.7544241940786278,0.7544241940786278,1.7544241940786278,0.005699875796145018,83.95168248490079,selected
548,16213,2011-12-10,0.8349146334963056,1.0,0.31000000000000005,0.2,1.0,159.0,699.2556083013226,Low Value,Core,About to Sleep,3,Dormant One-Time Customers,Automated nurture,Early-lifecycle or dormant one-time profile,1.0,0.01,583.818739925135,1.7514562197754049,0.7514562197754049,1.7514562197754049,0.005709534664407617,83.92292205924647,selected
549,14951,2011-12-10,0.8403330164057615,1.0,0.31000000000000005,0.2,1.0,311.69,694.4132118381261,Low Value,Core,About to Sleep,3,Dormant One-Time Customers,Automated nurture,Early-lifecycle or dormant one-time profile,1.0,0.01,583.5383489359456,1.7506150468078367,0.7506150468078367,1.7506150468078367,0.005712278103763888,83.89416163359218,selected
550,12556,2011-12-10,0.7260400472148648,1.0,0.31000000000000005,0.2,0.9313227402875545,599.56,803.5734258344631,Low Value,Core,Potential Loyalists,2,Established Moderate-Value Customers,Automated nurture,Early-lifecycle or dormant one-time profile,1.0,0.01,583.4264880334642,1.7502794641003927,0.7502794641003927,1.7502794641003927,0.005713373324150719,83.86540120793788,selected
551,13244,2011-12-10,0.9143742550150589,1.0,0.31000000000000005,0.2,1.0,121.74,637.115044583659,Low Value,Core,About to Sleep,3,Dormant One-Time Customers,Automated nurture,Early-lifecycle or dormant one-time profile,1.0,0.01,582.5615942500692,1.7476847827502078,0.7476847827502078,1.7476847827502078,0.005721855622192756,83.83664078228358,selected
552,14887,2011-12-10,0.8386672580203045,1.0,0.31000000000000005,0.2,1.0,1862.0,694.4132118381261,High Value,Core,About to Sleep,3,Dormant One-Time Customers,Automated nurture,Early-lifecycle or dormant one-time profile,1.0,0.01,582.3816243053541,1.7471448729160621,0.7471448729160621,1.7471448729160621,0.005723623813353015,83.80788035662928,selected
553,16480,2011-12-10,0.8151485849667883,1.0,0.31000000000000005,0.2,1.0,769.29,714.2014887354502,Medium Value,Core,About to Sleep,3,Dormant One-Time Customers,Automated nurture,Early-lifecycle or dormant one-time profile,1.0,0.01,582.1803329238759,1.7465409987716276,0.7465409987716276,1.7465409987716276,0.005725602781173286,83.77911993097497,selected
554,17154,2011-12-10,0.8104112807753299,1.0,0.31000000000000005,0.2,1.0,329.34,714.2014887354502,Low Value,Core,About to Sleep,3,Dormant One-Time Customers,Automated nurture,Early-lifecycle or dormant one-time profile,1.0,0.01,578.7969432177435,1.7363908296532307,0.7363908296532307,1.7363908296532307,0.005759072110509285,83.75035950532069,selected
555,17347,2011-12-10,0.8721245513413625,1.0,0.31000000000000005,0.2,1.0,228.96,662.3259067352025,Low Value,Core,About to Sleep,3,Dormant One-Time Customers,Automated nurture,Early-lifecycle or dormant one-time profile,1.0,0.01,577.6306842531995,1.7328920527595986,0.7328920527595986,1.7328920527595986,0.005770699902556068,83.72159907966638,selected
556,16215,2011-12-10,0.8331871787463727,1.0,0.31000000000000005,0.2,1.0,242.35,689.6381537492255,Low Value,Core,About to Sleep,3,Dormant One-Time Customers,Automated nurture,Early-lifecycle or dormant one-time profile,1.0,0.01,574.5976676781744,1.7237930030345232,0.7237930030345232,1.7237930030345232,0.005801160569973451,83.69283865401208,selected
557,13670,2011-12-10,0.8042343560777296,1.0,0.31000000000000005,0.2,1.0,349.7,714.2014887354502,Low Value,Core,About to Sleep,3,Dormant One-Time Customers,Automated nurture,Early-lifecycle or dormant one-time profile,1.0,0.01,574.3853744029107,1.7231561232087318,0.7231561232087318,1.7231561232087318,0.005803304683372945,83.66407822835778,selected
558,15933,2011-12-10,0.564894371957855,1.0,0.31000000000000005,0.2,0.9531853617891722,1107.46,2109.1075139596387,Medium Value,High,Loyal Customers,2,Established Moderate-Value Customers,Personalized offer,Default scalable retention treatment,10.0,0.03,1191.422964489823,10.722806680408407,0.7228066804084072,1.0722806680408408,0.02797774957074706,83.63531780270348,selected
559,16796,2011-12-10,0.8828966810765929,1.0,0.31000000000000005,0.2,1.0,305.62,649.4733599891082,Low Value,Core,About to Sleep,3,Dormant One-Time Customers,Automated nurture,Early-lifecycle or dormant one-time profile,1.0,0.01,573.4178739820469,1.7202536219461406,0.7202536219461406,1.7202536219461406,0.0058130963204640115,83.60655737704919,selected
560,15593,2011-12-10,0.7737401710567569,1.0,0.31000000000000005,0.2,1.0,199.8,740.6015505498202,Low Value,Core,About to Sleep,3,Dormant One-Time Customers,Automated nurture,Early-lifecycle or dormant one-time profile,1.0,0.01,573.0331704073172,1.7190995112219518,0.7190995112219518,1.7190995112219518,0.0058169989199123836,83.57779695139487,selected
561,12824,2011-12-10,0.7098865237234206,1.0,0.31000000000000005,0.2,1.0,397.12,806.2630564078041,Low Value,Core,About to Sleep,3,Dormant One-Time Customers,Automated nurture,Early-lifecycle or dormant one-time profile,1.0,0.01,572.3552783199563,1.7170658349598689,0.7170658349598689,1.7170658349598689,0.005823888517491655,83.54903652574059,selected
562,15947,2011-12-10,0.8366155624399236,1.0,0.31000000000000005,0.2,1.0,1708.24,680.2844731864083,High Value,Core,About to Sleep,3,Dormant One-Time Customers,Automated nurture,Early-lifecycle or dormant one-time profile,1.0,0.01,569.136577153994,1.707409731461982,0.707409731461982,1.707409731461982,0.005856824999724833,83.52027610008628,selected
563,16268,2011-12-10,0.7729315914947213,1.0,0.31000000000000005,0.2,1.0,667.65,735.1647099206284,Medium Value,Core,Need Attention,3,Dormant One-Time Customers,Automated nurture,Early-lifecycle or dormant one-time profile,1.0,0.01,568.2320292497064,1.7046960877491193,0.7046960877491193,1.7046960877491193,0.00586614826646549,83.49151567443198,selected
564,16959,2011-12-10,0.8634882584635886,1.0,0.31000000000000005,0.2,1.0,117.35,657.9849792950032,Low Value,Core,About to Sleep,3,Dormant One-Time Customers,Automated nurture,Early-lifecycle or dormant one-time profile,1.0,0.01,568.1623038666427,1.704486911599928,0.7044869115999279,1.704486911599928,0.005866868165396139,83.46275524877768,selected
565,12390,2011-12-10,0.8161355596323525,1.0,0.31000000000000005,0.2,1.0,549.84,694.4132118381261,Low Value,Core,About to Sleep,3,Dormant One-Time Customers,Automated nurture,Early-lifecycle or dormant one-time profile,1.0,0.01,566.7353152596085,1.7002059457788252,0.7002059457788252,1.7002059457788252,0.00588164041234383,83.43399482312338,selected
566,14124,2011-12-10,0.842566080700539,1.0,0.31000000000000005,0.2,1.0,419.58000000000004,671.1837893323261,Low Value,Core,About to Sleep,3,Dormant One-Time Customers,Automated nurture,Early-lifecycle or dormant one-time profile,1.0,0.01,565.5166948074742,1.6965500844224228,0.6965500844224228,1.6965500844224228,0.00589431463993851,83.40523439746909,selected
567,15866,2011-12-10,0.9374141087855223,1.0,0.31000000000000005,0.2,1.0,211.89,602.7343488756998,Low Value,Core,About to Sleep,3,Dormant One-Time Customers,Automated nurture,Early-lifecycle or dormant one-time profile,1.0,0.01,565.0116824857362,1.6950350474572085,0.6950350474572085,1.6950350474572085,0.005899583029272114,83.37647397181478,selected
568,15417,2011-12-10,0.8452593127705665,1.0,0.31000000000000005,0.2,1.0,508.8,666.7251134491044,Low Value,Core,About to Sleep,3,Dormant One-Time Customers,Automated nurture,Early-lifecycle or dormant one-time profile,1.0,0.01,563.5556112008679,1.6906668336026036,0.6906668336026036,1.6906668336026036,0.005914825914394514,83.34771354616049,selected
569,15343,2011-12-10,0.8564370767324914,1.0,0.31000000000000005,0.2,1.0,364.5,657.9849792950032,Low Value,Core,About to Sleep,3,Dormant One-Time Customers,Automated nurture,Early-lifecycle or dormant one-time profile,1.0,0.01,563.5227322013014,1.6905681966039043,0.6905681966039043,1.6905681966039043,0.005915171017701911,83.31895312050618,selected
570,13758,2011-12-10,0.30431742193624434,0.0,0.31000000000000005,0.2,0.9916625546680157,9416.98,3903.179737286212,High Value,High,Champions,1,High-Value Loyal Customers,Personalized offer,Default scalable retention treatment,10.0,0.03,1187.8055950047276,10.690250355042549,0.690250355042549,1.069025035504255,0.028062953629377933,83.29019269485188,selected
571,12847,2011-12-10,0.5925940790545733,1.0,0.31000000000000005,0.2,0.9511659543176887,1609.0,950.0921495464833,High Value,Core,Potential Loyalists,2,Established Moderate-Value Customers,Automated nurture,Early-lifecycle or dormant one-time profile,1.0,0.01,563.0189823774782,1.6890569471324346,0.6890569471324346,1.6890569471324346,0.005920463497087719,83.26143226919758,selected
572,18088,2011-12-10,0.708560018101455,1.0,0.31000000000000005,0.2,1.0,166.03,793.4613772045885,Low Value,Core,About to Sleep,3,Dormant One-Time Customers,Automated nurture,Early-lifecycle or dormant one-time profile,1.0,0.01,562.2150077948886,1.6866450233846657,0.6866450233846657,1.6866450233846657,0.0059289298348816485,83.23267184354329,selected
573,17637,2011-12-10,0.7328821289048676,1.0,0.31000000000000005,0.2,0.9388383206691107,547.06,766.7270087823078,Low Value,Core,Potential Loyalists,2,Established Moderate-Value Customers,Automated nurture,Early-lifecycle or dormant one-time profile,1.0,0.01,561.9205224852388,1.6857615674557165,0.6857615674557165,1.6857615674557165,0.0059320370051458605,83.20391141788899,selected
574,16674,2011-12-10,0.7254059138336975,1.0,0.31000000000000005,0.2,0.9139454288107145,304.24,773.363419780742,Low Value,Core,Potential Loyalists,2,Established Moderate-Value Customers,Automated nurture,Early-lifecycle or dormant one-time profile,1.0,0.01,561.0023982516025,1.6830071947548075,0.6830071947548075,1.6830071947548075,0.005941745246939881,83.17515099223468,selected
575,16131,2011-12-10,0.29189841730521665,0.0,0.31000000000000005,0.2,0.9793598984200413,9957.42,4065.9298142954403,High Value,High,Champions,1,High-Value Loyal Customers,Personalized offer,Default scalable retention treatment,10.0,0.03,1186.8384776669325,10.68154629900239,0.6815462990023899,1.068154629900239,0.02808582124743668,83.14639056658038,selected
576,13518,2011-12-10,0.8373740597947491,1.0,0.31000000000000005,0.2,1.0,627.16,666.7251134491044,Medium Value,Core,About to Sleep,3,Dormant One-Time Customers,Automated nurture,Early-lifecycle or dormant one-time profile,1.0,0.01,558.2983150159912,1.6748949450479735,0.6748949450479735,1.6748949450479735,0.0059705237212436466,83.1176301409261,selected
577,17986,2011-12-10,0.6744032986360624,1.0,0.31000000000000005,0.2,1.0,20.8,826.2699430764857,Low Value,Core,Promising,3,Dormant One-Time Customers,Automated nurture,Early-lifecycle or dormant one-time profile,1.0,0.01,557.2391751746135,1.6717175255238406,0.6717175255238406,1.6717175255238406,0.005981871845763209,83.08886971527178,selected
578,16322,2011-12-10,0.5769139344816828,1.0,0.31000000000000005,0.2,0.9541205070174565,326.75,965.2355125323053,Low Value,Core,Potential Loyalists,2,Established Moderate-Value Customers,Automated nurture,Early-lifecycle or dormant one-time profile,1.0,0.01,556.857817236456,1.6705734517093678,0.6705734517093678,1.6705734517093678,0.005985968464761474,83.06010928961749,selected
579,13994,2011-12-10,0.32218516012980586,1.0,0.31000000000000005,0.2,0.9820798746658521,2274.14,3677.9730767027186,High Value,High,Champions,1,High-Value Loyal Customers,Personalized offer,Default scalable retention treatment,10.0,0.03,1184.98834467058,10.66489510203522,0.6648951020352207,1.0664895102035221,0.028129671893608207,83.03134886396319,selected
580,13947,2011-12-10,0.7211120053906357,1.0,0.31000000000000005,0.2,1.0,90.6,769.0541165071422,Low Value,Core,About to Sleep,3,Dormant One-Time Customers,Automated nurture,Early-lifecycle or dormant one-time profile,1.0,0.01,554.5741562083889,1.6637224686251668,0.6637224686251668,1.6637224686251668,0.006010617869615957,83.00258843830889,selected
581,13356,2011-12-10,0.802902160939237,1.0,0.31000000000000005,0.2,1.0,768.24,689.6381537492255,Medium Value,Core,About to Sleep,3,Dormant One-Time Customers,Automated nurture,Early-lifecycle or dormant one-time profile,1.0,0.01,553.7119639113989,1.6611358917341967,0.6611358917341967,1.6611358917341967,0.006019977083006842,82.97382801265458,selected
582,16594,2011-12-10,0.773601095418296,1.0,0.31000000000000005,0.2,1.0,181.09,714.2014887354502,Low Value,Core,About to Sleep,3,Dormant One-Time Customers,Automated nurture,Early-lifecycle or dormant one-time profile,1.0,0.01,552.5070540351221,1.6575211621053663,0.6575211621053663,1.6575211621053663,0.006033105476190785,82.94506758700028,selected
583,18027,2011-12-10,0.898538018646216,1.0,0.31000000000000005,0.2,1.0,115.31,613.7706239118952,Low Value,Core,About to Sleep,3,Dormant One-Time Customers,Automated nurture,Early-lifecycle or dormant one-time profile,1.0,0.01,551.4962403130461,1.6544887209391383,0.6544887209391383,1.6544887209391383,0.006044163295548908,82.916307161346,selected
584,13460,2011-12-10,0.8007957045123721,1.0,0.31000000000000005,0.2,0.9269692733595208,183.44,686.557774818476,Low Value,Core,Potential Loyalists,3,Dormant One-Time Customers,Automated nurture,Early-lifecycle or dormant one-time profile,1.0,0.01,549.7925169742081,1.6493775509226243,0.6493775509226243,1.6493775509226243,0.006062893237758831,82.88754673569169,selected
585,17333,2011-12-10,0.8242670816091031,1.0,0.31000000000000005,0.2,1.0,494.25,666.7251134491044,Low Value,Core,About to Sleep,3,Dormant One-Time Customers,Automated nurture,Early-lifecycle or dormant one-time profile,1.0,0.01,549.5595634981914,1.6486786904945745,0.6486786904945745,1.6486786904945745,0.006065463244994194,82.85878631003739,selected
586,15099,2011-12-10,0.8174199169846876,1.0,0.31000000000000005,0.2,1.0,410.48,671.1837893323261,Low Value,Core,About to Sleep,3,Dormant One-Time Customers,Automated nurture,Early-lifecycle or dormant one-time profile,1.0,0.01,548.638997357498,1.645916992072494,0.6459169920724941,1.645916992072494,0.006075640538474709,82.83002588438309,selected
587,17846,2011-12-10,0.8203452534025243,1.0,0.31000000000000005,0.2,1.0,2033.1,666.7251134491044,High Value,Core,About to Sleep,3,Dormant One-Time Customers,Automated nurture,Early-lifecycle or dormant one-time profile,1.0,0.01,546.9447821422323,1.6408343464266968,0.6408343464266968,1.6408343464266968,0.006094460432143778,82.80126545872879,selected
588,16820,2011-12-10,0.8718801946622268,1.0,0.31000000000000005,0.2,1.0,497.61,625.2228129307817,Low Value,Core,About to Sleep,3,Dormant One-Time Customers,Automated nurture,Early-lifecycle or dormant one-time profile,1.0,0.01,545.1193878453549,1.635358163536065,0.635358163536065,1.635358163536065,0.006114868426361984,82.7725050330745,selected
589,13130,2011-12-10,0.864381206057022,1.0,0.31000000000000005,0.2,1.0,64.0,629.1367516594322,Low Value,Core,About to Sleep,3,Dormant One-Time Customers,Automated nurture,Early-lifecycle or dormant one-time profile,1.0,0.01,543.8139841741771,1.6314419525225312,0.6314419525225312,1.6314419525225312,0.006129546922915661,82.74374460742018,selected
590,13099,2011-12-10,0.8910913879284563,1.0,0.31000000000000005,0.2,1.0,207.35999999999999,610.0467927723764,Low Value,Core,About to Sleep,3,Dormant One-Time Customers,Automated nurture,Early-lifecycle or dormant one-time profile,1.0,0.01,543.6074432728403,1.630822329818521,0.6308223298185209,1.630822329818521,0.0061318758132977045,82.7149841817659,selected
591,15035,2011-12-10,0.8362676051771842,1.0,0.31000000000000005,0.2,1.0,252.73000000000002,649.4733599891082,Low Value,Core,About to Sleep,3,Dormant One-Time Customers,Automated nurture,Early-lifecycle or dormant one-time profile,1.0,0.01,543.1335313844708,1.6294005941534122,0.6294005941534122,1.6294005941534122,0.006137226189730035,82.68622375611159,selected
592,16685,2011-12-10,0.6842151611015436,1.0,0.31000000000000005,0.2,1.0,324.24,793.4613772045885,Low Value,Core,Need Attention,3,Dormant One-Time Customers,Automated nurture,Early-lifecycle or dormant one-time profile,1.0,0.01,542.8983040318901,1.6286949120956704,0.6286949120956704,1.6286949120956704,0.0061398853313373615,82.65746333045729,selected
593,12756,2011-12-10,0.8190215598286349,1.0,0.31000000000000005,0.2,1.0,112.07999999999998,662.3259067352025,Low Value,Core,About to Sleep,3,Dormant One-Time Customers,Automated nurture,Early-lifecycle or dormant one-time profile,1.0,0.01,542.4591972491805,1.6273775917475417,0.6273775917475417,1.6273775917475417,0.006144855410760332,82.62870290480299,selected
594,13210,2011-12-10,0.8533631942012628,1.0,0.31000000000000005,0.2,1.0,353.48,633.1005076472659,Low Value,Core,About to Sleep,3,Dormant One-Time Customers,Automated nurture,Early-lifecycle or dormant one-time profile,1.0,0.01,540.2646714563118,1.6207940143689352,0.6207940143689352,1.6207940143689352,0.006169815480157454,82.5999424791487,selected
595,17844,2011-12-10,0.9201324993232514,1.0,0.31000000000000005,0.2,1.0,51.56,585.204722391114,Low Value,Core,About to Sleep,3,Dormant One-Time Customers,Automated nurture,Early-lifecycle or dormant one-time profile,1.0,0.01,538.4658838295053,1.6153976514885158,0.6153976514885158,1.6153976514885158,0.006190426233927883,82.5711820534944,selected
596,12814,2011-12-10,0.8932530802527732,1.0,0.31000000000000005,0.2,1.0,125.92,602.7343488756998,Low Value,Core,About to Sleep,3,Dormant One-Time Customers,Automated nurture,Early-lifecycle or dormant one-time profile,1.0,0.01,538.3943137073684,1.6151829411221053,0.6151829411221053,1.6151829411221053,0.006191249142993529,82.54242162784008,selected
597,18080,2011-12-10,0.7420908717699269,1.0,0.31000000000000005,0.2,0.950317725869311,1231.5,724.9968946616098,Medium Value,Core,Potential Loyalists,2,Established Moderate-Value Customers,Automated nurture,Early-lifecycle or dormant one-time profile,1.0,0.01,538.0135775899239,1.6140407327697717,0.6140407327697717,1.6140407327697717,0.006195630504838325,82.5136612021858,selected
598,14523,2011-12-10,0.9298237600966025,1.0,0.31000000000000005,0.2,1.0,241.09,578.4776684273476,Low Value,Core,About to Sleep,3,Dormant One-Time Customers,Automated nurture,Early-lifecycle or dormant one-time profile,1.0,0.01,537.8822807890319,1.6136468423670958,0.6136468423670958,1.6136468423670958,0.0061971428552054,82.48490077653149,selected
599,15307,2011-12-10,0.8596615852360227,1.0,0.31000000000000005,0.2,1.0,205.3,625.2228129307817,Low Value,Core,About to Sleep,3,Dormant One-Time Customers,Automated nurture,Early-lifecycle or dormant one-time profile,1.0,0.01,537.480034489801,1.612440103469403,0.6124401034694029,1.612440103469403,0.006201780753581806,82.45614035087719,selected
600,18005,2011-12-10,0.67822041676893,1.0,0.31000000000000005,0.2,0.9528055318205559,226.47,792.0043951056833,Low Value,Core,Potential Loyalists,2,Established Moderate-Value Customers,Automated nurture,Early-lifecycle or dormant one-time profile,1.0,0.01,537.1535509314008,1.6114606527942021,0.6114606527942021,1.6114606527942021,0.0062055502147448875,82.4273799252229,selected
601,18200,2011-12-10,0.9157154201256466,1.0,0.31000000000000005,0.2,1.0,150.35,585.204722391114,Low Value,Core,About to Sleep,3,Dormant One-Time Customers,Automated nurture,Early-lifecycle or dormant one-time profile,1.0,0.01,535.8809882238913,1.6076429646716741,0.6076429646716741,1.6076429646716741,0.006220286605765281,82.3986194995686,selected
602,15975,2011-12-10,0.7974145457788094,1.0,0.31000000000000005,0.2,1.0,371.01,671.1837893323261,Low Value,Core,About to Sleep,3,Dormant One-Time Customers,Automated nurture,Early-lifecycle or dormant one-time profile,1.0,0.01,535.211716504537,1.605635149513611,0.605635149513611,1.605635149513611,0.006228064951760219,82.3698590739143,selected
603,15663,2011-12-10,0.9140029001990737,1.0,0.31000000000000005,0.2,1.0,138.14,585.204722391114,Low Value,Core,About to Sleep,3,Dormant One-Time Customers,Automated nurture,Early-lifecycle or dormant one-time profile,1.0,0.01,534.878813475672,1.6046364404270161,0.6046364404270161,1.6046364404270161,0.0062319412348250435,82.34109864825999,selected
604,13806,2011-12-10,0.6837860102930173,1.0,0.31000000000000005,0.2,1.0,256.38,781.0647523132385,Low Value,Core,About to Sleep,3,Dormant One-Time Customers,Automated nurture,Early-lifecycle or dormant one-time profile,1.0,0.01,534.0811507647732,1.6022434522943194,0.6022434522943194,1.6022434522943194,0.006241248785058589,82.3123382226057,selected
605,15263,2011-12-10,0.9115948144583887,1.0,0.31000000000000005,0.2,1.0,156.51,585.204722391114,Low Value,Core,About to Sleep,3,Dormant One-Time Customers,Automated nurture,Early-lifecycle or dormant one-time profile,1.0,0.01,533.4695903283005,1.6004087709849013,0.6004087709849013,1.6004087709849013,0.0062484036461796805,82.28357779695139,selected
606,18222,2011-12-10,0.8350695493820683,1.0,0.31000000000000005,0.2,1.0,443.0,637.115044583659,Low Value,Core,About to Sleep,3,Dormant One-Time Customers,Automated nurture,Early-lifecycle or dormant one-time profile,1.0,0.01,532.0353731850125,1.5961061195550375,0.5961061195550375,1.5961061195550375,0.00626524757814211,82.2548173712971,selected
607,17453,2011-12-10,0.6213367905179557,1.0,0.31000000000000005,0.2,0.9431534108896985,486.7199999999999,854.0376350759852,Low Value,Core,Potential Loyalists,2,Established Moderate-Value Customers,Automated nurture,Early-lifecycle or dormant one-time profile,1.0,0.01,530.6450031596577,1.591935009478973,0.591935009478973,1.591935009478973,0.006281663472727393,82.2260569456428,selected
608,13411,2011-12-10,0.9120058086797254,1.0,0.31000000000000005,0.2,1.0,213.55,581.8215695216237,Low Value,Core,About to Sleep,3,Dormant One-Time Customers,Automated nurture,Early-lifecycle or dormant one-time profile,1.0,0.01,530.6246510188755,1.5918739530566264,0.5918739530566264,1.5918739530566264,0.006281904406312174,82.1972965199885,selected
609,14772,2011-12-10,0.93103115505528,1.0,0.31000000000000005,0.2,1.0,139.26,565.4811503941668,Low Value,Developing,About to Sleep,3,Dormant One-Time Customers,Automated nurture,Early-lifecycle or dormant one-time profile,1.0,0.01,526.4805686134696,1.5794417058404087,0.5794417058404087,1.5794417058404087,0.006331351111612617,82.1685360943342,selected
610,12436,2011-12-10,0.8573044935927674,1.0,0.31000000000000005,0.2,1.0,509.01000000000005,610.0467927723764,Low Value,Core,About to Sleep,3,Dormant One-Time Customers,Automated nurture,Early-lifecycle or dormant one-time profile,1.0,0.01,522.9958567456141,1.5689875702368423,0.5689875702368423,1.5689875702368423,0.006373536788752556,82.13977566867989,selected
611,17427,2011-12-10,0.7100708722082508,1.0,0.31000000000000005,0.2,1.0,100.8,735.1647099206284,Low Value,Core,About to Sleep,3,Dormant One-Time Customers,Automated nurture,Early-lifecycle or dormant one-time profile,1.0,0.01,522.0190467900663,1.566057140370199,0.566057140370199,1.566057140370199,0.0063854630474314035,82.1110152430256,selected
612,12968,2011-12-10,0.9227112165046887,1.0,0.31000000000000005,0.2,1.0,135.95,565.4811503941668,Low Value,Developing,About to Sleep,3,Dormant One-Time Customers,Automated nurture,Early-lifecycle or dormant one-time profile,1.0,0.01,521.7758001906724,1.565327400572017,0.565327400572017,1.565327400572017,0.006388439885704232,82.0822548173713,selected
613,12596,2011-12-10,0.7941892575680934,1.0,0.31000000000000005,0.2,0.9398140852127443,618.27,656.4283419986906,Medium Value,Core,Potential Loyalists,2,Established Moderate-Value Customers,Automated nurture,Early-lifecycle or dormant one-time profile,1.0,0.01,521.3283375785946,1.563985012735784,0.5639850127357839,1.563985012735784,0.006393923163309352,82.053494391717,selected
614,17461,2011-12-10,0.5512317065385768,1.0,0.31000000000000005,0.2,0.9297008426229496,735.82,2126.1641289730596,Medium Value,High,Loyal Customers,2,Established Moderate-Value Customers,Personalized offer,Default scalable retention treatment,10.0,0.03,1172.0090811949262,10.548081730754335,0.5480817307543351,1.0548081730754335,0.028441190318549588,82.0247339660627,selected
615,16871,2011-12-10,0.43319350071993407,1.0,0.31000000000000005,0.2,0.9731306841825375,2812.34,2704.8579723464154,High Value,High,Champions,1,High-Value Loyal Customers,Personalized offer,Default scalable retention treatment,10.0,0.03,1171.7268939909663,10.545542045918696,0.5455420459186957,1.0545542045918697,0.02844803981565889,81.9959735404084,selected
616,15313,2011-12-10,0.8975201040278066,1.0,0.31000000000000005,0.2,1.0,52.0,571.9049041581433,Low Value,Developing,About to Sleep,3,Dormant One-Time Customers,Automated nurture,Early-lifecycle or dormant one-time profile,1.0,0.01,513.2961490740295,1.5398884472220884,0.5398884472220884,1.5398884472220884,0.0064939768968587915,81.9672131147541,selected
617,14780,2011-12-10,0.795268664837307,1.0,0.31000000000000005,0.2,0.9038279449697997,447.68,645.421950328303,Low Value,Core,Potential Loyalists,2,Established Moderate-Value Customers,Automated nurture,Early-lifecycle or dormant one-time profile,1.0,0.01,513.2838526942802,1.5398515580828405,0.5398515580828405,1.5398515580828405,0.006494132468489552,81.93845268909979,selected
618,14660,2011-12-10,0.8065777178647164,1.0,0.31000000000000005,0.2,0.8556363757451487,285.74,636.2460004438341,Low Value,Core,Need Attention,3,Dormant One-Time Customers,Automated nurture,Early-lifecycle or dormant one-time profile,1.0,0.01,513.181847038541,1.5395455411156231,0.5395455411156231,1.5395455411156231,0.006495423313527676,81.90969226344549,selected
619,13273,2011-12-10,0.9104862748345965,1.0,0.31000000000000005,0.2,1.0,138.98,562.3235684570675,Low Value,Developing,About to Sleep,3,Dormant One-Time Customers,Automated nurture,Early-lifecycle or dormant one-time profile,1.0,0.01,511.98789109617263,1.5359636732885178,0.5359636732885178,1.5359636732885178,0.006510570642982638,81.88093183779121,selected
620,12752,2011-12-10,0.746543165736255,1.0,0.31000000000000005,0.2,1.0,4366.78,684.9290294136084,High Value,Core,About to Sleep,3,Dormant One-Time Customers,Automated nurture,Early-lifecycle or dormant one-time profile,1.0,0.01,511.32908592309576,1.5339872577692872,0.5339872577692872,1.5339872577692872,0.006518958973976045,81.8521714121369,selected
621,15773,2011-12-10,0.7193640328323048,1.0,0.31000000000000005,0.2,0.9541079016228301,774.52,709.6151686631435,Medium Value,Core,Potential Loyalists,2,Established Moderate-Value Customers,Automated nurture,Early-lifecycle or dormant one-time profile,1.0,0.01,510.47162948849507,1.5314148884654852,0.5314148884654852,1.5314148884654852,0.00652990908950888,81.8234109864826,selected
622,16968,2011-12-10,0.6722269062757211,1.0,0.31000000000000005,0.2,0.9531208165530198,439.43,756.7844677916921,Low Value,Core,Potential Loyalists,2,Established Moderate-Value Customers,Automated nurture,Early-lifecycle or dormant one-time profile,1.0,0.01,508.7308815011273,1.526192644503382,0.526192644503382,1.526192644503382,0.006552252781465847,81.7946505608283,selected
623,12641,2011-12-10,0.9127976065434401,1.0,0.31000000000000005,0.2,1.0,185.89999999999998,556.1139513053292,Low Value,Developing,About to Sleep,3,Dormant One-Time Customers,Automated nurture,Early-lifecycle or dormant one-time profile,1.0,0.01,507.6194837169197,1.522858451150759,0.522858451150759,1.522858451150759,0.0065665984861846,81.765890135174,selected
624,13949,2011-12-10,0.24967184704993223,0.0,0.31000000000000005,0.2,0.9822225468784268,2427.32,4682.61050369993,High Value,High,Champions,1,High-Value Loyal Customers,Personalized offer,Default scalable retention treatment,10.0,0.03,1169.116013474175,10.522044121267573,0.522044121267573,1.0522044121267573,0.028511570236968316,81.73712970951969,selected
625,12715,2011-12-10,0.8660824668794546,1.0,0.31000000000000005,0.2,1.0,343.36,585.204722391114,Low Value,Core,About to Sleep,3,Dormant One-Time Customers,Automated nurture,Early-lifecycle or dormant one-time profile,1.0,0.01,506.83554959800244,1.5205066487940073,0.5205066487940073,1.5205066487940073,0.006576755194021361,81.7083692838654,selected
626,12916,2011-12-10,0.5729329543053022,1.0,0.31000000000000005,0.2,0.9464396553039159,4479.73,2038.9824705240746,High Value,High,Loyal Customers,1,High-Value Loyal Customers,Personalized offer,Default scalable retention treatment,10.0,0.03,1168.2002506140818,10.513802255526736,0.5138022555267359,1.0513802255526736,0.028533920717626258,81.67960885821111,selected
627,16429,2011-12-10,0.8611675229156659,1.0,0.31000000000000005,0.2,1.0,284.55,585.204722391114,Low Value,Core,About to Sleep,3,Dormant One-Time Customers,Automated nurture,Early-lifecycle or dormant one-time profile,1.0,0.01,503.9593011801056,1.5118779035403167,0.5118779035403167,1.5118779035403167,0.0066142907284929,81.6508484325568,selected
628,17737,2011-12-10,0.752977716569707,1.0,0.31000000000000005,0.2,0.9488846719906491,168.24,669.1458976663272,Low Value,Core,Potential Loyalists,2,Established Moderate-Value Customers,Automated nurture,Early-lifecycle or dormant one-time profile,1.0,0.01,503.8519500767779,1.5115558502303337,0.5115558502303337,1.5115558502303337,0.006615699974616342,81.6220880069025,selected
629,16313,2011-12-10,0.605740197250904,1.0,0.31000000000000005,0.2,0.9528450843412793,274.15,825.8484245099849,Low Value,Core,Potential Loyalists,2,Established Moderate-Value Customers,Automated nurture,Early-lifecycle or dormant one-time profile,1.0,0.01,500.24958756202653,1.5007487626860796,0.5007487626860796,1.5007487626860796,0.00666334049284954,81.5933275812482,selected
630,15541,2011-12-10,0.8935984233254131,1.0,0.31000000000000005,0.2,1.0,85.13000000000001,559.2013670454763,Low Value,Developing,About to Sleep,3,Dormant One-Time Customers,Automated nurture,Early-lifecycle or dormant one-time profile,1.0,0.01,499.70145991325325,1.4991043797397599,0.49910437973975985,1.4991043797397599,0.006670649579274775,81.5645671555939,selected
631,14406,2011-12-10,0.918240381061295,1.0,0.31000000000000005,0.2,1.0,156.75,544.1007062969189,Low Value,Developing,About to Sleep,3,Dormant One-Time Customers,Automated nurture,Early-lifecycle or dormant one-time profile,1.0,0.01,499.6152398858026,1.4988457196574079,0.49884571965740787,1.4988457196574079,0.006671800752305386,81.53580672993961,selected
632,12965,2011-12-10,0.7671021283502322,1.0,0.31000000000000005,0.2,1.0,769.8100000000001,649.4733599891082,Medium Value,Core,About to Sleep,3,Dormant One-Time Customers,Automated nurture,Early-lifecycle or dormant one-time profile,1.0,0.01,498.21239675442143,1.4946371902632642,0.49463719026326425,1.4946371902632642,0.006690586896368213,81.5070463042853,selected
633,13645,2011-12-10,0.9190899474219353,1.0,0.31000000000000005,0.2,1.0,252.1,541.1787493905706,Low Value,Developing,About to Sleep,3,Dormant One-Time Customers,Automated nurture,Early-lifecycle or dormant one-time profile,1.0,0.01,497.39194832324824,1.4921758449697449,0.49217584496974487,1.4921758449697449,0.006701623025001292,81.47828587863101,selected
634,13272,2011-12-10,0.7249892188625708,1.0,0.31000000000000005,0.2,0.9350937519411019,276.56,683.9591740570795,Low Value,Core,Potential Loyalists,2,Established Moderate-Value Customers,Automated nurture,Early-lifecycle or dormant one-time profile,1.0,0.01,495.8630273335312,1.4875890820005935,0.4875890820005935,1.4875890820005935,0.006722286497660656,81.4495254529767,selected
635,12475,2011-12-10,0.6298271277795813,1.0,0.31000000000000005,0.2,0.9455930425517177,1149.6399999999999,786.7235076011052,Medium Value,Core,Potential Loyalists,2,Established Moderate-Value Customers,Automated nurture,Early-lifecycle or dormant one-time profile,1.0,0.01,495.4998071490817,1.486499421447245,0.4864994214472449,1.486499421447245,0.00672721418906714,81.4207650273224,selected
636,13525,2011-12-10,0.7635907112674907,1.0,0.31000000000000005,0.2,0.9514631100076578,628.78,648.4823097020916,Medium Value,Core,Potential Loyalists,2,Established Moderate-Value Customers,Automated nurture,Early-lifecycle or dormant one-time profile,1.0,0.01,495.1750681098053,1.4855252043294158,0.4855252043294158,1.4855252043294158,0.006731625940008283,81.3920046016681,selected
637,16093,2011-12-10,0.8416801569475852,1.0,0.31000000000000005,0.2,1.0,17.0,585.204722391114,Low Value,Core,About to Sleep,3,Dormant One-Time Customers,Automated nurture,Early-lifecycle or dormant one-time profile,1.0,0.01,492.55520258862094,1.4776656077658628,0.47766560776586275,1.4776656077658628,0.006767430971828172,81.36324417601381,selected
638,16878,2011-12-10,0.7335415474999958,1.0,0.31000000000000005,0.2,1.0,13.3,671.1837893323261,Low Value,Core,About to Sleep,3,Dormant One-Time Customers,Automated nurture,Early-lifecycle or dormant one-time profile,1.0,0.01,492.34119548374565,1.477023586451237,0.4770235864512371,1.477023586451237,0.006770372586958106,81.33448375035951,selected
639,17186,2011-12-10,0.8234933193951726,1.0,0.31000000000000005,0.2,0.9049455486186853,144.0,597.8355798863238,Low Value,Core,Potential Loyalists,3,Dormant One-Time Customers,Automated nurture,Early-lifecycle or dormant one-time profile,1.0,0.01,492.31360613312665,1.47694081839938,0.47694081839937996,1.47694081839938,0.006770751999959892,81.3057233247052,selected
640,12843,2011-12-10,0.3951194114119511,1.0,0.31000000000000005,0.2,0.9612690508261937,6583.36,2940.1210664526916,High Value,High,Loyal Customers,1,High-Value Loyal Customers,Personalized offer,Default scalable retention treatment,10.0,0.03,1161.6989052566655,10.455290147309988,0.45529014730998796,1.0455290147309988,0.028693608285675944,81.27696289905091,selected
641,13960,2011-12-10,0.7234024047315479,1.0,0.31000000000000005,0.2,0.940698481678146,230.22,669.4760722734759,Low Value,Core,Potential Loyalists,2,Established Moderate-Value Customers,Automated nurture,Early-lifecycle or dormant one-time profile,1.0,0.01,484.30060059286404,1.4529018017785922,0.4529018017785922,1.4529018017785922,0.006882777616325031,81.2482024733966,selected
642,15565,2011-12-10,0.8088855198576776,1.0,0.31000000000000005,0.2,0.9046954402897244,173.16000000000003,592.5750587796852,Low Value,Core,Potential Loyalists,3,Dormant One-Time Customers,Automated nurture,Early-lifecycle or dormant one-time profile,1.0,0.01,479.32538447569954,1.4379761534270987,0.4379761534270987,1.4379761534270987,0.006954218243582975,81.2194420477423,selected
643,16761,2011-12-10,0.7709387479077241,1.0,0.31000000000000005,0.2,1.0,316.62,621.3577521100976,Low Value,Core,About to Sleep,3,Dormant One-Time Customers,Automated nurture,Early-lifecycle or dormant one-time profile,1.0,0.01,479.02876741451666,1.4370863022435498,0.43708630224354983,1.4370863022435498,0.006958524331063627,81.19068162208801,selected
644,15398,2011-12-10,0.5576113606645396,1.0,0.31000000000000005,0.2,0.9452660068712032,1345.5300000000002,2534.1401537977977,High Value,High,Potential Loyalists,0,At-Risk Return-Heavy Customers,Service recovery,Return-heavy ML behavioral profile,25.0,0.06,1413.0653392738357,25.43517610692904,0.4351761069290383,1.0174070442771614,0.05897344660379099,81.16192119643371,selected
645,14196,2011-12-10,0.8163567659315824,1.0,0.31000000000000005,0.2,1.0,335.52,585.204722391114,Low Value,Core,About to Sleep,3,Dormant One-Time Customers,Automated nurture,Early-lifecycle or dormant one-time profile,1.0,0.01,477.73583457909933,1.433207503737298,0.433207503737298,1.433207503737298,0.006977356714867554,81.13316077077941,selected
646,14023,2011-12-10,0.8004707888190367,1.0,0.31000000000000005,0.2,0.9532277788911703,584.0699999999999,595.3702520443911,Low Value,Core,Potential Loyalists,2,Established Moderate-Value Customers,Automated nurture,Early-lifecycle or dormant one-time profile,1.0,0.01,476.5764952933624,1.4297294858800873,0.4297294858800873,1.4297294858800873,0.006994330115423463,81.1044003451251,selected
647,12884,2011-12-10,0.7283631744939701,1.0,0.31000000000000005,0.2,1.0,309.05,653.7011729101672,Low Value,Core,About to Sleep,3,Dormant One-Time Customers,Automated nurture,Early-lifecycle or dormant one-time profile,1.0,0.01,476.13186147128107,1.4283955844138432,0.4283955844138432,1.4283955844138432,0.00700086174244483,81.07563991947082,selected
648,17887,2011-12-10,0.920985481746259,1.0,0.31000000000000005,0.2,1.0,111.35,516.239043850968,Low Value,Developing,About to Sleep,3,Dormant One-Time Customers,Automated nurture,Early-lifecycle or dormant one-time profile,1.0,0.01,475.4486644973119,1.4263459934919358,0.4263459934919358,1.4263459934919358,0.0070109216456789095,81.0468794938165,selected
649,16272,2011-12-10,0.8585678043886615,1.0,0.31000000000000005,0.2,1.0,411.7,553.0607396978766,Low Value,Developing,About to Sleep,3,Dormant One-Time Customers,Automated nurture,Early-lifecycle or dormant one-time profile,1.0,0.01,474.8401449759749,1.4245204349279246,0.4245204349279246,1.4245204349279246,0.007019906317108019,81.0181190681622,selected
650,15776,2011-12-10,0.9374666911702598,1.0,0.31000000000000005,0.2,1.0,241.62,505.8834359429919,Low Value,Developing,About to Sleep,3,Dormant One-Time Customers,Automated nurture,Early-lifecycle or dormant one-time profile,1.0,0.01,474.24887081131874,1.4227466124339563,0.4227466124339563,1.4227466124339563,0.007028658450215919,80.98935864250791,selected
651,12729,2011-12-10,0.8404358555651971,1.0,0.31000000000000005,0.2,1.0,453.01,562.3235684570675,Low Value,Developing,About to Sleep,3,Dormant One-Time Customers,Automated nurture,Early-lifecycle or dormant one-time profile,1.0,0.01,472.59688936069017,1.4177906680820707,0.41779066808207066,1.4177906680820707,0.007053227408759569,80.96059821685361,selected
652,12750,2011-12-10,0.9104757334689086,1.0,0.31000000000000005,0.2,1.0,275.88,518.8950890331627,Low Value,Developing,About to Sleep,3,Dormant One-Time Customers,Automated nurture,Early-lifecycle or dormant one-time profile,1.0,0.01,472.4413867808834,1.41732416034265,0.4173241603426501,1.41732416034265,0.007055548956127591,80.93183779119931,selected
653,13621,2011-12-10,0.8538334468083756,1.0,0.31000000000000005,0.2,1.0,213.85,553.0607396978766,Low Value,Developing,About to Sleep,3,Dormant One-Time Customers,Automated nurture,Early-lifecycle or dormant one-time profile,1.0,0.01,472.2217576706277,1.4166652730118832,0.41666527301188316,1.4166652730118832,0.00705883047358084,80.903077365545,selected
654,13218,2011-12-10,0.9020078024455844,1.0,0.31000000000000005,0.2,1.0,62.63999999999999,521.5788365490484,Low Value,Developing,About to Sleep,3,Dormant One-Time Customers,Automated nurture,Early-lifecycle or dormant one-time profile,1.0,0.01,470.46818015773187,1.4114045404731956,0.41140454047319563,1.4114045404731956,0.0070851408743855555,80.87431693989072,selected
655,18099,2011-12-10,0.9012816739317308,1.0,0.31000000000000005,0.2,1.0,168.31,521.5788365490484,Low Value,Developing,About to Sleep,3,Dormant One-Time Customers,Automated nurture,Early-lifecycle or dormant one-time profile,1.0,0.01,470.089446892291,1.410268340676873,0.410268340676873,1.410268340676873,0.007090849104079295,80.8455565142364,selected
656,12904,2011-12-10,0.6959738125101614,1.0,0.31000000000000005,0.2,0.9487934221388632,496.06,672.1865580517277,Low Value,Core,Potential Loyalists,2,Established Moderate-Value Customers,Automated nurture,Early-lifecycle or dormant one-time profile,1.0,0.01,467.8242415253439,1.4034727245760317,0.40347272457603167,1.4034727245760317,0.007125183001344648,80.81679608858211,selected
657,14076,2011-12-10,0.9038423190185009,1.0,0.31000000000000005,0.2,1.0,118.67,516.239043850968,Low Value,Developing,About to Sleep,3,Dormant One-Time Customers,Automated nurture,Early-lifecycle or dormant one-time profile,1.0,0.01,466.59869456215245,1.3997960836864574,0.39979608368645736,1.3997960836864574,0.007143897683771429,80.78803566292781,selected
658,17331,2011-12-10,0.8734232148078329,1.0,0.31000000000000005,0.2,1.0,175.2,532.5997550229836,Low Value,Developing,About to Sleep,3,Dormant One-Time Customers,Automated nurture,Early-lifecycle or dormant one-time profile,1.0,0.01,465.18499023803855,1.3955549707141157,0.3955549707141157,1.3955549707141157,0.007165608098463457,80.75927523727351,selected
659,15949,2011-12-10,0.6150626699607787,1.0,0.31000000000000005,0.2,0.9446592322722671,364.72,755.8669806366346,Low Value,Core,Potential Loyalists,2,Established Moderate-Value Customers,Automated nurture,Early-lifecycle or dormant one-time profile,1.0,0.01,464.9055632455607,1.394716689736682,0.39471668973668206,1.394716689736682,0.007169914917909219,80.73051481161922,selected
660,15438,2011-12-10,0.9090766745784057,1.0,0.31000000000000005,0.2,1.0,156.58,511.00835295441766,Low Value,Developing,About to Sleep,3,Dormant One-Time Customers,Automated nurture,Early-lifecycle or dormant one-time profile,1.0,0.01,464.54577418559023,1.3936373225567706,0.39363732255677064,1.3936373225567706,0.007175467991668,80.7017543859649,selected
661,15472,2011-12-10,0.824173365232521,1.0,0.31000000000000005,0.2,1.0,371.56,562.3235684570675,Low Value,Developing,About to Sleep,3,Dormant One-Time Customers,Automated nurture,Early-lifecycle or dormant one-time profile,1.0,0.01,463.4521077648212,1.3903563232944638,0.3903563232944638,1.3903563232944638,0.0071924008489456116,80.6729939603106,selected
662,15522,2011-12-10,0.6592382125672173,1.0,0.31000000000000005,0.2,0.9338558660815726,397.99,701.6389811763257,Low Value,Core,Potential Loyalists,2,Established Moderate-Value Customers,Automated nurture,Early-lifecycle or dormant one-time profile,1.0,0.01,462.54722781816434,1.387641683454493,0.3876416834544929,1.387641683454493,0.007206471324142768,80.64423353465632,selected
663,14143,2011-12-10,0.9090131780574245,1.0,0.31000000000000005,0.2,1.0,115.8,505.8834359429919,Low Value,Developing,About to Sleep,3,Dormant One-Time Customers,Automated nurture,Early-lifecycle or dormant one-time profile,1.0,0.01,459.85470983314866,1.379564129499446,0.37956412949944607,1.379564129499446,0.007248666289713077,80.61547310900201,selected
664,13851,2011-12-10,0.5132700601556733,1.0,0.31000000000000005,0.2,0.9651397597292092,4606.46,2245.8307100667967,High Value,High,Loyal Customers,1,High-Value Loyal Customers,Personalized offer,Default scalable retention treatment,10.0,0.03,1152.7176636554432,10.374458972898989,0.37445897289898866,1.0374458972898988,0.02891717059980521,80.58671268334771,selected
665,13721,2011-12-10,0.7419826851522247,1.0,0.31000000000000005,0.2,0.9486720843508479,741.54,617.1399872812954,Medium Value,Core,Potential Loyalists,2,Established Moderate-Value Customers,Automated nurture,Early-lifecycle or dormant one-time profile,1.0,0.01,457.9071848777853,1.3737215546333559,0.3737215546333559,1.3737215546333559,0.00727949559084336,80.55795225769342,selected
666,13265,2011-12-10,0.5508765268641147,1.0,0.31000000000000005,0.2,0.95706636639019,2092.6600000000003,2091.8938244286715,High Value,High,Champions,2,Established Moderate-Value Customers,Personalized offer,Default scalable retention treatment,10.0,0.03,1152.3752045697568,10.37137684112781,0.37137684112781066,1.037137684112781,0.028925764109770522,80.52919183203912,selected
667,14259,2011-12-10,0.932656360122315,1.0,0.31000000000000005,0.2,1.0,120.0,486.3795168911684,Low Value,Developing,About to Sleep,3,Dormant One-Time Customers,Automated nurture,Early-lifecycle or dormant one-time profile,1.0,0.01,453.62494986176716,1.3608748495853014,0.36087484958530136,1.3608748495853014,0.007348214277784098,80.5004314063848,selected
668,13355,2011-12-10,0.8447402005344026,1.0,0.31000000000000005,0.2,1.0,674.7,535.4287773068964,Medium Value,Developing,About to Sleep,3,Dormant One-Time Customers,Automated nurture,Early-lifecycle or dormant one-time profile,1.0,0.01,452.2982127141177,1.3568946381423532,0.3568946381423532,1.3568946381423532,0.007369768970190957,80.47167098073051,selected
669,14164,2011-12-10,0.8816064164064057,1.0,0.31000000000000005,0.2,0.870720084597399,1631.77,1305.0068525960044,High Value,Core,Need Attention,2,Established Moderate-Value Customers,Personalized offer,Default scalable retention treatment,10.0,0.03,1150.502414702966,10.354521732326694,0.3545217323266936,1.0354521732326694,0.028972849519780675,80.44291055507622,selected
670,14591,2011-12-10,0.581865764877446,1.0,0.31000000000000005,0.2,0.9506981484508032,1320.21,1977.2331848691754,High Value,High,Loyal Customers,2,Established Moderate-Value Customers,Personalized offer,Default scalable retention treatment,10.0,0.03,1150.4842994549713,10.35435869509474,0.3543586950947404,1.035435869509474,0.028973305719273715,80.41415012942191,selected
671,14100,2011-12-10,0.9101649368145392,1.0,0.31000000000000005,0.2,1.0,191.95,495.9382776396973,Low Value,Developing,About to Sleep,3,Dormant One-Time Customers,Automated nurture,Early-lifecycle or dormant one-time profile,1.0,0.01,451.3856311318465,1.3541568933955395,0.35415689339553946,1.3541568933955395,0.0073846686811341825,80.38538970376761,selected
672,15118,2011-12-10,0.8966039206710961,1.0,0.31000000000000005,0.2,1.0,244.8,503.3596396335406,Low Value,Developing,About to Sleep,3,Dormant One-Time Customers,Automated nurture,Early-lifecycle or dormant one-time profile,1.0,0.01,451.31422640302253,1.3539426792090676,0.35394267920906763,1.3539426792090676,0.00738583704728305,80.35662927811332,selected
673,16107,2011-12-10,0.27814644444039605,0.0,0.31000000000000005,0.2,0.9770733189389855,3204.1600000000003,4133.921711965182,High Value,High,Champions,2,Established Moderate-Value Customers,Personalized offer,Default scalable retention treatment,10.0,0.03,1149.8356257780704,10.348520632002634,0.34852063200263395,1.0348520632002634,0.028989650856205945,80.32786885245902,selected
674,14675,2011-12-10,0.6386543417785077,1.0,0.31000000000000005,0.2,0.9522295560955291,1015.5799999999999,701.2908561392617,Medium Value,Core,Potential Loyalists,2,Established Moderate-Value Customers,Automated nurture,Early-lifecycle or dormant one-time profile,1.0,0.01,447.8824501229063,1.343647350368719,0.34364735036871896,1.343647350368719,0.007442428995417463,80.29910842680472,selected
675,15492,2011-12-10,0.5137206151918172,1.0,0.31000000000000005,0.2,0.9349634051534783,659.46,871.5115415632007,Medium Value,Core,Potential Loyalists,2,Established Moderate-Value Customers,Automated nurture,Early-lifecycle or dormant one-time profile,1.0,0.01,447.71344527861646,1.3431403358358494,0.34314033583584935,1.3431403358358494,0.007445238396311657,80.27034800115041,selected
676,14903,2011-12-10,0.43669044158031933,1.0,0.31000000000000005,0.2,0.9737144209213372,2795.33,2631.0619308567693,High Value,High,Champions,1,High-Value Loyal Customers,Personalized offer,Default scalable retention treatment,10.0,0.03,1148.9595964110101,10.34063636769909,0.34063636769909067,1.034063636769909,0.029011754144755156,80.24158757549613,selected
677,13657,2011-12-10,0.7905862531552158,1.0,0.31000000000000005,0.2,0.9520237603902645,382.14,565.1752986160586,Low Value,Developing,Potential Loyalists,2,Established Moderate-Value Customers,Automated nurture,Early-lifecycle or dormant one-time profile,1.0,0.01,446.81982170875,1.34045946512625,0.34045946512625,1.34045946512625,0.007460128605275027,80.21282714984181,selected
678,14965,2011-12-10,0.7190599384233051,1.0,0.31000000000000005,0.2,1.0,596.0899999999999,621.3577521100976,Low Value,Core,Need Attention,3,Dormant One-Time Customers,Automated nurture,Early-lifecycle or dormant one-time profile,1.0,0.01,446.79346697113004,1.34038040091339,0.34038040091338995,1.34038040091339,0.007460568651395969,80.18406672418752,selected
679,14117,2011-12-10,0.9219731412313267,1.0,0.31000000000000005,0.2,1.0,90.0,481.7380300741618,Low Value,Developing,About to Sleep,3,Dormant One-Time Customers,Automated nurture,Early-lifecycle or dormant one-time profile,1.0,0.01,444.1495248380663,1.332448574514199,0.33244857451419896,1.332448574514199,0.007504980072980247,80.15530629853322,selected
680,14636,2011-12-10,0.7962647600404489,1.0,0.31000000000000005,0.2,0.9458932676117202,609.85,557.5058148894374,Low Value,Developing,Potential Loyalists,2,Established Moderate-Value Customers,Automated nurture,Early-lifecycle or dormant one-time profile,1.0,0.01,443.92223391409277,1.3317667017422783,0.3317667017422783,1.3317667017422783,0.0075088226691037855,80.12654587287892,selected
681,16582,2011-12-10,0.7870763787164488,1.0,0.31000000000000005,0.2,1.0,313.62,562.3235684570675,Low Value,Developing,About to Sleep,3,Dormant One-Time Customers,Automated nurture,Early-lifecycle or dormant one-time profile,1.0,0.01,442.59159792809976,1.3277747937842992,0.3277747937842992,1.3277747937842992,0.007531397678893224,80.09778544722462,selected
682,13678,2011-12-10,0.932641158273991,1.0,0.31000000000000005,0.2,1.0,232.6,464.03148558368366,Low Value,Developing,About to Sleep,3,Dormant One-Time Customers,Automated nurture,Early-lifecycle or dormant one-time profile,1.0,0.01,432.77486219036746,1.2983245865711024,0.2983245865711024,1.2983245865711024,0.0077022341742831605,80.06902502157031,selected
683,15034,2011-12-10,0.26151502040443647,0.0,0.31000000000000005,0.2,0.9894337411957421,8231.2,4372.324177514085,High Value,High,Champions,1,High-Value Loyal Customers,Personalized offer,Default scalable retention treatment,10.0,0.03,1143.4284464974069,10.29085601847666,0.29085601847666,1.029085601847666,0.02915209380651781,80.04026459591603,selected
684,15690,2011-12-10,0.6803682530225946,1.0,0.31000000000000005,0.2,0.9530413529860126,239.76,632.3593194834913,Low Value,Core,Potential Loyalists,2,Established Moderate-Value Customers,Automated nurture,Early-lifecycle or dormant one-time profile,1.0,0.01,430.23720547953974,1.2907116164386192,0.2907116164386192,1.2907116164386192,0.007747664058058439,80.01150417026172,selected
685,16506,2011-12-10,0.7392094338250453,1.0,0.31000000000000005,0.2,0.9372521754461088,90.30000000000001,582.0217477057374,Low Value,Core,Potential Loyalists,3,Dormant One-Time Customers,Automated nurture,Early-lifecycle or dormant one-time profile,1.0,0.01,430.23596659542153,1.2907078997862647,0.29070789978626466,1.2907078997862647,0.007747686367810993,79.98274374460742,selected
686,15895,2011-12-10,0.9165239713918455,1.0,0.31000000000000005,0.2,1.0,179.17,468.33405414151264,Low Value,Developing,About to Sleep,3,Dormant One-Time Customers,Automated nurture,Early-lifecycle or dormant one-time profile,1.0,0.01,429.23938723982275,1.2877181617194684,0.2877181617194684,1.2877181617194684,0.007765674428826234,79.95398331895312,selected
687,12981,2011-12-10,0.6612280001876024,1.0,0.31000000000000005,0.2,0.9418155883721482,372.22,648.0928570965956,Low Value,Core,Potential Loyalists,2,Established Moderate-Value Customers,Automated nurture,Early-lifecycle or dormant one-time profile,1.0,0.01,428.5371438338515,1.2856114315015543,0.2856114315015543,1.2856114315015543,0.007778400032053472,79.92522289329882,selected
688,13759,2011-12-10,0.6553074871940585,1.0,0.31000000000000005,0.2,0.929124902328642,659.41,651.2058520034625,Medium Value,Core,Potential Loyalists,2,Established Moderate-Value Customers,Automated nurture,Early-lifecycle or dormant one-time profile,1.0,0.01,426.74007052245497,1.280220211567365,0.2802202115673651,1.280220211567365,0.0078111561664512925,79.89646246764453,selected
689,13978,2011-12-10,0.7407447182869176,1.0,0.31000000000000005,0.2,0.9435210618002962,196.79000000000002,570.1545934202818,Low Value,Developing,Potential Loyalists,2,Established Moderate-Value Customers,Automated nurture,Early-lifecycle or dormant one-time profile,1.0,0.01,422.33900368309867,1.267017011049296,0.267017011049296,1.267017011049296,0.007892553859019127,79.86770204199021,selected
690,12453,2011-12-10,0.8389395592076933,1.0,0.31000000000000005,0.2,1.0,707.09,503.3596396335406,Medium Value,Developing,About to Sleep,3,Dormant One-Time Customers,Automated nurture,Early-lifecycle or dormant one-time profile,1.0,0.01,422.2883141971059,1.2668649425913174,0.26686494259131743,1.2668649425913174,0.007893501243743812,79.83894161633593,selected
691,16557,2011-12-10,0.6700699797529187,1.0,0.31000000000000005,0.2,0.94471458502309,281.85,627.7634170664078,Low Value,Core,Potential Loyalists,2,Established Moderate-Value Customers,Automated nurture,Early-lifecycle or dormant one-time profile,1.0,0.01,420.6454201633109,1.2619362604899327,0.2619362604899327,1.2619362604899327,0.007924330501540238,79.81018119068162,selected
692,17939,2011-12-10,0.9382824958235598,1.0,0.31000000000000005,0.2,1.0,99.14,447.58898794251144,Low Value,Developing,About to Sleep,3,Dormant One-Time Customers,Automated nurture,Early-lifecycle or dormant one-time profile,1.0,0.01,419.96491270984086,1.2598947381295227,0.2598947381295227,1.2598947381295227,0.00793717101703774,79.78142076502732,selected
693,15622,2011-12-10,0.33706379709695694,1.0,0.31000000000000005,0.2,0.9815867728753177,7852.61,3381.401544982744,High Value,High,Champions,1,High-Value Loyal Customers,Personalized offer,Default scalable retention treatment,10.0,0.03,1139.7480442614003,10.257732398352601,0.2577323983526014,1.0257732398352601,0.02924622990244707,79.75266033937302,selected
694,17267,2011-12-10,0.8015256770000576,1.0,0.31000000000000005,0.2,1.0,317.20000000000005,521.5788365490484,Low Value,Developing,Need Attention,3,Dormant One-Time Customers,Automated nurture,Early-lifecycle or dormant one-time profile,1.0,0.01,418.0588300738784,1.2541764902216352,0.25417649022163524,1.2541764902216352,0.007973359473699608,79.72389991371872,selected
695,16338,2011-12-10,0.9245726416646518,1.0,0.31000000000000005,0.2,1.0,214.8,451.5886134982165,Low Value,Developing,About to Sleep,3,Dormant One-Time Customers,Automated nurture,Early-lifecycle or dormant one-time profile,1.0,0.01,417.52647732772346,1.2525794319831702,0.25257943198317023,1.2525794319831702,0.007983525630919317,79.69513948806443,selected
696,16305,2011-12-10,0.8444963980694801,1.0,0.31000000000000005,0.2,1.0,361.21999999999997,493.5132601497481,Low Value,Developing,About to Sleep,3,Dormant One-Time Customers,Automated nurture,Early-lifecycle or dormant one-time profile,1.0,0.01,416.77017059598853,1.2503105117879656,0.2503105117879656,1.2503105117879656,0.007998013218092383,79.66637906241012,selected
697,14351,2011-12-10,0.951403127877535,1.0,0.31000000000000005,0.2,1.0,51.0,437.8952213958646,Low Value,Developing,About to Sleep,3,Dormant One-Time Customers,Automated nurture,Early-lifecycle or dormant one-time profile,1.0,0.01,416.61488331865127,1.2498446499559537,0.24984464995595368,1.2498446499559537,0.008000994363861471,79.63761863675583,selected
698,16902,2011-12-10,0.7531915111654822,1.0,0.31000000000000005,0.2,1.0,1706.88,553.0607396978766,High Value,Developing,About to Sleep,3,Dormant One-Time Customers,Automated nurture,Early-lifecycle or dormant one-time profile,1.0,0.01,416.56065429934307,1.2496819628980294,0.24968196289802935,1.2496819628980294,0.008002035955460113,79.60885821110153,selected
699,12521,2011-12-10,0.8580068809285902,1.0,0.31000000000000005,0.2,1.0,599.68,484.04756143905433,Low Value,Developing,About to Sleep,3,Dormant One-Time Customers,Automated nurture,Early-lifecycle or dormant one-time profile,1.0,0.01,415.31613841141314,1.2459484152342395,0.2459484152342395,1.2459484152342395,0.008026014462340313,79.58009778544722,selected
700,13917,2011-12-10,0.7723567853558607,1.0,0.31000000000000005,0.2,0.9367368892771379,272.03999999999996,537.4639945175181,Low Value,Developing,Potential Loyalists,2,Established Moderate-Value Customers,Automated nurture,Early-lifecycle or dormant one-time profile,1.0,0.01,415.11396305007025,1.2453418891502108,0.24534188915021082,1.2453418891502108,0.008029923418719772,79.55133735979292,selected
701,15537,2011-12-10,0.9416065688181114,1.0,0.31000000000000005,0.2,1.0,110.92,439.8000051365714,Low Value,Developing,About to Sleep,3,Dormant One-Time Customers,Automated nurture,Early-lifecycle or dormant one-time profile,1.0,0.01,414.11857380283476,1.2423557214085044,0.24235572140850437,1.2423557214085044,0.00804922441107498,79.52257693413863,selected
702,17739,2011-12-10,0.3325372019119249,1.0,0.31000000000000005,0.2,0.992718541609159,7730.59,3411.0033744405405,High Value,High,Champions,1,High-Value Loyal Customers,Personalized offer,Default scalable retention treatment,10.0,0.03,1134.285517848591,10.208569660637318,0.20856966063731797,1.0208569660637319,0.029387074778629764,79.20621225194134,selected
703,13722,2011-12-10,0.4311708366285631,1.0,0.31000000000000005,0.2,0.9491840615087488,5635.41,2629.452051096568,High Value,High,Loyal Customers,1,High-Value Loyal Customers,Personalized offer,Default scalable retention treatment,10.0,0.03,1133.7430407459985,10.203687366713988,0.20368736671398757,1.0203687366713987,0.029401136002916613,79.11993097497843,selected
704,15641,2011-12-10,0.4757698534453608,1.0,0.31000000000000005,0.2,0.9572011316691754,5345.55,2374.0533595923384,High Value,High,Loyal Customers,1,High-Value Loyal Customers,Personalized offer,Default scalable retention treatment,10.0,0.03,1129.5030189647134,10.16552717068242,0.16552717068242018,1.016552717068242,0.029511504417125155,78.74604544147253,selected
705,16081,2011-12-10,0.5044790629782585,1.0,0.31000000000000005,0.2,0.9772111307668212,4436.5599999999995,2234.1809932789806,High Value,High,Champions,1,High-Value Loyal Customers,Personalized offer,Default scalable retention treatment,10.0,0.03,1127.097534013215,10.143877806118933,0.1438778061189332,1.0143877806118933,0.02957448874423898,78.68852459016394,selected
706,13593,2011-12-10,0.44651450530515263,1.0,0.31000000000000005,0.2,0.9395424452477208,5493.29,2511.3014836731522,High Value,High,Loyal Customers,1,High-Value Loyal Customers,Personalized offer,Default scalable retention treatment,10.0,0.03,1121.3325396544135,10.091992856889721,0.09199285688972125,1.0091992856889722,0.02972653709274006,78.17083692838655,selected
707,14842,2011-12-10,0.5121816598520736,1.0,0.31000000000000005,0.2,0.9624572963939289,2824.69,2718.931542726554,High Value,High,Loyal Customers,0,At-Risk Return-Heavy Customers,Service recovery,Return-heavy ML behavioral profile,25.0,0.06,1392.5868705778457,25.066563670401223,0.06656367040122291,1.0026625468160488,0.05984067141086478,78.05579522576934,selected
708,13941,2011-12-10,0.22854108622620398,0.0,0.31000000000000005,0.2,0.9894690060485584,11122.3,4872.074302245004,High Value,High,Champions,1,High-Value Loyal Customers,Personalized offer,Default scalable retention treatment,10.0,0.03,1113.4691532098482,10.021222378888632,0.02122237888863232,1.0021222378888632,0.02993646769400106,77.71067011791774,selected
